PLAYER_ID,GP,REB,AST,STL,BLK,TOV,PTS,FG_PCT,3_PCT,FT_PCT,PLAYER_NAME
1630173,394,5.8,1.0,0.6,0.7,1.0,7.6,0.488,0.297,0.608,Precious Achiuwa
203500,769,8.0,1.5,0.8,0.9,1.4,8.8,0.586,0.059,0.535,Steven Adams
1628389,573,8.9,3.6,1.1,0.9,2.2,15.8,0.535,0.317,0.758,Bam Adebayo
1630534,286,2.8,1.2,0.6,0.5,0.8,7.2,0.44,0.336,0.713,Ochai Agbaji
1630583,242,5.3,1.9,0.6,0.6,0.9,9.8,0.458,0.344,0.684,Santi Aldama
1641725,24,0.5,0.5,0.1,0.0,0.2,1.3,0.317,0.176,0.75,Trey Alexander
1629638,512,2.5,2.3,0.7,0.4,1.2,8.7,0.409,0.352,0.742,Nickeil Alexander-Walker
1628960,410,3.0,2.1,0.7,0.3,1.0,10.6,0.45,0.413,0.856,Grayson Allen
1628386,636,9.3,1.7,0.6,1.2,1.4,12.8,0.638,0.184,0.712,Jarrett Allen
1630631,232,2.2,3.1,1.2,0.2,1.1,8.1,0.41,0.348,0.755,Jose Alvarado
203937,777,4.2,2.7,1.0,0.6,1.0,6.8,0.477,0.341,0.716,Kyle Anderson
203507,864,10.0,5.0,1.1,1.2,3.0,24.0,0.551,0.285,0.693,Giannis Antetokounmpo
1630175,325,4.3,3.8,0.7,0.4,1.9,12.5,0.42,0.344,0.843,Cole Anthony
1628384,548,4.4,1.7,1.3,0.6,1.4,13.1,0.476,0.376,0.76,OG Anunoby
1630166,365,6.2,2.8,0.8,0.4,1.7,11.5,0.463,0.339,0.755,Deni Avdija
1629028,404,10.4,1.6,0.7,1.0,1.7,16.4,0.59,0.23,0.752,Deandre Ayton
1630542,10,7.0,1.0,0.9,1.2,0.7,6.7,0.391,0.156,0.8,Marcus Bagley
1628963,424,6.2,0.9,0.4,0.6,1.0,11.3,0.525,0.282,0.693,Marvin Bagley III
1631116,117,1.8,0.4,0.3,0.2,0.3,3.4,0.419,0.392,0.643,Patrick Baldwin Jr.
1630163,237,6.0,7.5,1.5,0.3,3.3,21.1,0.422,0.364,0.836,LaMelo Ball
1628366,293,5.4,5.8,1.5,0.6,2.4,11.3,0.397,0.361,0.599,Lonzo Ball
1628964,445,5.3,0.8,0.3,1.2,0.8,6.6,0.477,0.355,0.681,Mo Bamba
1631094,205,7.1,4.6,0.8,0.6,2.9,22.4,0.445,0.319,0.73,Paolo Banchero
1630217,320,4.6,3.8,1.0,0.4,1.9,17.8,0.471,0.408,0.884,Desmond Bane
1630625,270,2.4,2.0,0.6,0.4,1.2,7.5,0.402,0.302,0.744,Dalano Banton
1631230,98,3.2,0.9,0.3,0.5,0.3,4.3,0.519,0.227,0.689,Dominick Barlow
203084,1076,4.8,1.7,0.7,0.2,1.1,14.1,0.456,0.386,0.811,Harrison Barnes
1630567,283,7.5,5.0,1.2,1.0,2.3,17.3,0.467,0.305,0.76,Scottie Barnes
1629628,452,5.5,3.3,0.7,0.3,2.2,19.0,0.449,0.348,0.701,RJ Barrett
1629646,113,4.3,0.8,0.4,0.9,0.8,4.3,0.631,0.231,0.648,Charles Bassey
1641734,25,0.8,0.7,0.1,0.1,0.4,3.1,0.322,0.333,0.25,Emoni Bates
1642419,64,2.6,0.8,0.3,0.2,0.5,7.1,0.445,0.424,0.889,Jamison Battle
201587,1196,4.8,3.1,0.9,0.6,1.4,9.7,0.437,0.37,0.83,Nicolas Batum
1641878,15,3.3,3.7,1.0,0.1,2.1,7.3,0.323,0.214,0.867,Damion Baugh
203078,804,4.0,4.3,1.1,0.4,2.4,21.5,0.464,0.376,0.822,Bradley Beal
1627736,714,2.9,1.4,0.7,0.1,0.9,11.7,0.422,0.386,0.774,Malik Beasley
1630699,170,1.8,0.5,0.2,0.1,0.6,3.7,0.429,0.353,0.724,MarJon Beauchamp
1641736,72,1.1,1.8,0.9,0.1,0.6,2.6,0.327,0.175,0.762,Reece Beekman
1629048,364,4.1,1.2,0.4,1.0,0.7,5.4,0.546,0.233,0.651,Goga Bitadze
202687,912,5.8,0.7,0.3,1.2,0.9,5.0,0.538,0.0,0.549,Bismack Biyombo
1641710,154,2.5,2.3,0.8,0.5,1.4,7.4,0.44,0.341,0.715,Anthony Black
203992,559,3.3,3.2,1.0,0.2,1.4,13.9,0.436,0.38,0.848,Bogdan Bogdanović
1629626,202,3.5,0.6,0.3,0.8,0.9,6.2,0.545,0.332,0.749,Bol Bol
1641737,64,4.1,0.5,0.4,1.3,1.0,5.5,0.69,0.0,0.664,Adem Bona
1626164,680,4.0,5.3,0.9,0.3,3.0,24.5,0.465,0.355,0.873,Devin Booker
1630527,147,2.2,1.2,0.7,0.2,0.8,7.5,0.412,0.328,0.781,Brandon Boston
1628449,412,5.1,0.5,0.5,0.9,0.5,8.8,0.487,0.336,0.779,Chris Boucher
1631123,33,1.7,1.2,0.4,0.2,1.0,2.7,0.396,0.2,0.6,Jamaree Bouyea
1628396,241,4.3,0.6,0.3,0.6,0.6,4.9,0.642,0.368,0.663,Tony Bradley
1631103,188,2.0,1.7,0.4,0.1,1.1,8.5,0.439,0.336,0.843,Malaki Branham
1631128,242,3.8,1.7,0.7,0.4,0.7,9.2,0.527,0.38,0.756,Christian Braun
1641779,8,0.5,0.0,0.0,0.0,0.5,1.1,0.286,0.286,0.75,Jalen Bridges
1628969,645,4.0,2.8,1.2,0.6,1.3,15.5,0.482,0.374,0.854,Mikal Bridges
1628970,431,6.2,2.7,0.8,0.7,1.6,15.8,0.461,0.341,0.829,Miles Bridges
1629052,233,3.9,0.8,0.5,0.3,0.6,6.6,0.419,0.337,0.694,Oshae Brissett
1627763,463,4.1,4.7,0.8,0.2,1.7,15.3,0.463,0.388,0.874,Malcolm Brogdon
1628415,495,3.2,2.0,0.9,0.3,1.4,14.2,0.419,0.354,0.805,Dillon Brooks
1631232,14,4.1,0.9,0.7,0.7,0.9,10.1,0.486,0.326,0.733,Keion Brooks Jr.
1628971,570,4.2,2.5,0.9,0.4,1.1,9.0,0.472,0.335,0.778,Bruce Brown
1627759,610,5.3,2.7,1.0,0.4,2.1,19.0,0.479,0.361,0.726,Jaylen Brown
1641738,87,1.5,0.6,0.2,0.1,0.3,2.0,0.436,0.27,0.727,Kobe Brown
1629650,252,4.4,0.1,0.3,0.5,0.6,5.0,0.59,,0.543,Moses Brown
1628973,493,3.2,5.0,0.7,0.1,1.7,18.3,0.489,0.388,0.824,Jalen Brunson
1628418,462,5.0,0.9,0.3,0.7,0.7,8.6,0.578,0.347,0.777,Thomas Bryant
1641723,27,2.0,1.6,0.4,0.3,0.7,5.0,0.374,0.22,0.654,Kobe Bufkin
202692,987,3.4,2.0,0.7,0.2,1.1,10.7,0.412,0.384,0.817,Alec Burks
1630215,208,1.6,3.1,0.6,0.2,1.2,7.4,0.45,0.346,0.821,Jared Butler
202710,996,5.3,4.4,1.6,0.4,1.6,18.3,0.473,0.33,0.844,Jimmy Butler III
1641824,86,3.5,1.0,0.4,0.9,1.0,9.1,0.458,0.366,0.816,Matas Buzelis
1631288,81,2.1,0.5,0.5,0.2,0.4,4.8,0.459,0.336,0.726,Jamal Cain
203484,919,3.0,1.8,1.2,0.3,1.0,11.1,0.427,0.366,0.823,Kentavious Caldwell-Pope
1641739,154,5.3,1.8,1.2,0.6,1.3,9.6,0.452,0.361,0.738,Toumani Camara
203991,669,10.5,1.0,0.7,1.4,1.1,11.9,0.617,0.0,0.545,Clint Capela
1642382,37,1.7,0.4,0.1,0.6,0.2,3.7,0.467,0.338,0.778,Branden Carlson
1642267,88,4.1,4.4,0.7,0.2,1.7,9.6,0.397,0.343,0.8,Bub Carrington
1642269,39,2.0,1.1,0.6,0.1,0.5,3.6,0.366,0.286,0.609,Devin Carter
1628975,479,1.7,1.6,0.6,0.2,0.6,5.1,0.393,0.38,0.803,Jevon Carter
1628976,444,8.3,2.0,0.6,0.7,1.5,11.8,0.508,0.319,0.728,Wendell Carter Jr.
1630618,8,1.0,0.8,0.4,0.0,0.6,1.8,0.267,0.143,0.833,D.J. Carton
1627936,421,2.9,2.8,1.3,0.5,1.2,6.8,0.439,0.376,0.758,Alex Caruso
1642264,87,3.8,4.2,1.0,0.3,2.4,15.1,0.437,0.29,0.713,Stephon Castle
1630658,68,3.8,0.9,0.3,0.3,0.7,4.0,0.476,0.125,0.78,Colin Castleton
1630577,196,3.5,1.2,0.6,0.5,0.8,8.6,0.421,0.373,0.85,Julian Champagnie
1630551,128,3.9,0.8,0.7,0.4,0.6,5.8,0.478,0.356,0.743,Justin Champagnie
1642279,7,1.1,0.3,0.0,0.1,0.3,0.7,0.4,,0.5,Ulrich Chomche
1642353,16,1.0,0.4,0.3,0.1,0.2,1.7,0.29,0.235,0.625,Cam Christie
1631108,270,2.8,1.4,0.6,0.3,0.9,7.3,0.429,0.374,0.848,Max Christie
1630528,152,1.8,1.5,0.7,0.2,1.2,6.5,0.451,0.273,0.737,Josh Christopher
1631321,57,1.1,0.7,0.2,0.1,0.4,1.9,0.452,0.184,0.545,Sidy Cissoko
1641740,44,1.4,0.7,0.9,0.0,0.2,4.2,0.464,0.397,0.805,Jaylen Clark
1629634,307,5.5,1.3,0.7,0.8,0.7,10.2,0.606,0.266,0.698,Brandon Clarke
203903,911,3.2,2.8,0.8,0.2,1.8,15.7,0.438,0.34,0.827,Jordan Clarkson
1629651,317,7.7,1.7,0.7,1.7,1.1,10.4,0.634,0.182,0.538,Nic Claxton
1642270,73,8.0,1.2,0.5,1.6,1.0,6.8,0.536,0.273,0.623,Donovan Clingan
1641730,75,3.8,0.9,0.4,0.5,0.9,7.7,0.384,0.326,0.807,Noah Clowney
1629599,329,1.9,1.1,0.4,0.1,0.5,6.6,0.455,0.383,0.838,Amir Coffey
1642268,71,3.3,6.3,0.9,0.2,2.9,8.7,0.422,0.249,0.682,Isaiah Collier
1628381,477,8.0,1.5,0.6,1.0,1.5,16.0,0.546,0.363,0.791,John Collins
1641879,2,1.5,2.0,1.0,0.0,0.0,1.0,0.333,,,Yuri Collins
1628380,442,4.8,1.8,0.4,0.6,1.3,7.7,0.485,0.327,0.78,Zach Collins
201144,1245,2.9,5.7,1.4,0.2,1.8,13.9,0.437,0.389,0.826,Mike Conley
1626192,598,3.4,1.4,0.5,0.3,0.6,6.0,0.438,0.356,0.771,Pat Connaughton
1641731,124,4.5,2.6,1.1,0.8,1.7,10.4,0.427,0.309,0.728,Bilal Coulibaly
1641741,105,2.5,1.1,0.4,0.1,0.5,6.7,0.402,0.273,0.786,Ricky Council IV
1628470,612,3.9,1.0,0.5,0.5,0.6,5.9,0.453,0.351,0.711,Torrey Craig
1642384,15,0.5,0.1,0.1,0.1,0.1,0.9,0.455,0.2,0.5,Isaiah Crawford
203109,1039,4.2,1.6,1.0,0.3,0.8,9.2,0.416,0.343,0.78,Jae Crowder
1630595,214,5.4,7.4,1.0,0.6,3.8,22.1,0.445,0.337,0.849,Cade Cunningham
203552,660,2.1,2.0,0.7,0.1,1.0,10.1,0.47,0.428,0.866,Seth Curry
201939,1033,4.7,6.4,1.5,0.3,3.1,24.8,0.471,0.423,0.912,Stephen Curry
1642359,19,0.9,0.3,0.2,0.1,0.2,1.6,0.323,0.316,0.667,Pacôme Dadiet
1630700,203,4.5,3.2,1.8,0.5,1.4,8.5,0.471,0.326,0.611,Dyson Daniels
1642368,7,4.0,0.3,0.4,0.7,0.4,3.9,0.647,,0.833,N'Faly Dante
203076,843,10.7,2.6,1.3,2.3,2.0,24.1,0.522,0.294,0.792,Anthony Davis
1631098,112,1.6,0.6,0.4,0.2,0.3,3.5,0.397,0.273,0.561,Johnny Davis
1629056,289,2.7,1.3,0.7,0.2,1.0,8.1,0.432,0.366,0.824,Terence Davis
1631120,38,0.8,0.9,0.2,0.1,0.5,2.0,0.4,0.306,0.6,JD Davison
201942,1193,4.4,4.1,1.0,0.3,2.0,21.3,0.469,0.3,0.842,DeMar DeRozan
1642484,16,1.6,2.3,0.6,0.4,0.8,4.8,0.318,0.306,0.875,RayJ Dennis
1628978,464,4.2,2.9,1.2,0.3,1.5,10.6,0.421,0.377,0.783,Donte DiVincenzo
1631217,111,5.1,0.6,0.5,0.5,0.7,5.1,0.587,0.125,0.623,Moussa Diabaté
1641711,121,2.8,1.4,0.7,0.1,1.1,11.0,0.415,0.354,0.853,Gradey Dick
1631172,113,2.1,1.0,0.3,0.2,0.6,4.2,0.422,0.291,0.727,Ousmane Dieng
1642265,53,1.0,2.1,0.5,0.0,1.1,4.4,0.447,0.338,0.533,Rob Dillingham
203915,843,3.1,5.2,0.7,0.3,1.6,13.2,0.416,0.339,0.797,Spencer Dinwiddie
1629029,504,8.6,8.2,1.3,0.4,3.9,28.7,0.467,0.351,0.755,Luka Dončić
1629652,369,3.9,1.6,1.0,0.4,1.1,12.2,0.406,0.357,0.792,Luguentz Dort
1630245,284,2.9,3.3,0.8,0.4,1.3,10.3,0.503,0.364,0.776,Ayo Dosunmu
1630288,96,1.4,1.6,0.5,0.2,0.4,4.5,0.461,0.358,0.742,Jeff Dowtin Jr.
1628408,130,2.6,1.6,0.5,0.3,0.7,5.4,0.403,0.311,0.647,PJ Dozier
203083,1086,12.1,1.4,1.3,1.3,1.9,12.5,0.539,0.126,0.498,Andre Drummond
1630537,177,2.6,1.3,0.6,0.2,0.9,7.6,0.406,0.349,0.813,Chris Duarte
1642505,21,1.2,0.2,0.2,0.0,0.2,1.7,0.4,0.476,1.0,Alex Ducas
1630561,55,2.0,0.9,0.5,0.1,0.6,4.2,0.417,0.262,0.767,David Duke Jr.
1627739,412,3.3,3.9,1.5,0.4,1.6,7.6,0.438,0.327,0.738,Kris Dunn
1642346,81,3.9,0.9,0.6,0.6,0.6,7.2,0.44,0.311,0.511,Ryan Dunn
201142,1175,7.0,4.4,1.0,1.1,3.2,27.3,0.504,0.39,0.883,Kevin Durant
1631105,212,10.2,2.1,0.6,1.0,1.8,11.7,0.653,0.0,0.701,Jalen Duren
1631106,166,6.3,1.3,1.4,0.7,1.2,10.3,0.467,0.356,0.737,Tari Eason
1641744,66,8.3,1.0,0.5,1.3,1.3,9.2,0.58,0.346,0.709,Zach Edey
1630162,384,5.3,4.2,1.3,0.6,2.9,23.9,0.447,0.365,0.804,Anthony Edwards
1642399,2,0.0,0.5,0.0,0.0,0.0,0.0,,,,Jesse Edwards
1642348,50,3.1,1.4,0.9,0.3,1.0,9.3,0.449,0.359,0.696,Justin Edwards
1630556,214,2.1,0.6,0.4,0.3,0.4,3.5,0.422,0.352,0.775,Kessler Edwards
1631165,159,2.2,1.4,1.2,0.6,0.7,6.6,0.479,0.427,0.794,Keon Ellis
203954,456,11.0,3.7,0.9,1.6,3.4,27.6,0.501,0.34,0.828,Joel Embiid
1630623,8,1.1,1.5,0.4,0.1,1.0,6.9,0.321,0.289,0.8,Tyson Etienne
1629234,522,4.5,1.0,0.3,0.8,0.9,5.8,0.6,0.349,0.721,Drew Eubanks
1641787,62,3.9,1.4,0.6,0.3,0.9,7.6,0.459,0.34,0.724,Tosan Evbuomwan
203957,355,1.9,2.2,0.4,0.2,1.2,6.1,0.437,0.344,0.763,Danté Exum
1628981,289,3.1,0.7,0.2,0.5,0.7,3.9,0.549,0.127,0.658,Bruno Fernando
1642271,78,5.9,2.0,0.6,0.3,1.4,9.3,0.493,0.346,0.649,Kyle Filipowski
1627827,720,4.5,1.4,0.8,0.4,0.9,8.3,0.433,0.364,0.719,Dorian Finney-Smith
1641745,39,0.7,0.4,0.2,0.1,0.1,1.7,0.252,0.192,0.5,Adam Flagler
1642280,6,0.7,0.0,0.0,0.0,0.2,1.8,0.364,0.0,1.0,Trentyn Flowers
1630201,286,1.7,1.9,0.6,0.1,0.7,5.5,0.394,0.333,0.743,Malachi Flynn
1631323,265,3.1,1.2,0.5,0.3,0.9,8.4,0.434,0.379,0.819,Simone Fontecchio
1628368,593,4.0,6.2,1.4,0.4,2.7,21.7,0.469,0.328,0.754,De'Aaron Fox
1642402,22,1.4,0.4,0.1,0.1,0.3,2.1,0.432,0.1,0.684,Enrique Freeman
1628365,255,3.2,4.4,1.1,0.3,1.8,10.4,0.47,0.28,0.732,Markelle Fultz
1642277,52,1.4,0.4,0.4,0.2,0.3,2.1,0.385,0.308,0.818,Johnny Furphy
1629655,507,5.8,1.1,0.6,1.6,0.9,9.3,0.71,0.0,0.673,Daniel Gafford
1629636,382,2.7,6.7,1.2,0.1,3.0,18.9,0.453,0.388,0.867,Darius Garland
1630585,16,1.8,1.2,0.5,0.3,0.5,2.6,0.333,0.333,0.556,Marcus Garrett
1630568,130,2.1,0.4,0.2,0.1,0.4,4.9,0.491,0.317,0.703,Luka Garza
1641718,148,3.3,5.1,0.6,0.1,2.7,15.1,0.392,0.336,0.84,Keyonte George
1642273,74,4.5,2.6,1.0,0.8,1.6,9.5,0.394,0.341,0.734,Kyshawn George
202331,908,6.3,3.7,1.7,0.4,2.7,20.6,0.44,0.383,0.853,Paul George
201959,1100,5.7,0.9,0.5,0.9,1.0,8.4,0.516,0.261,0.712,Taj Gibson
1630581,286,7.5,6.1,0.9,0.5,2.7,14.2,0.465,0.332,0.762,Josh Giddey
1628983,469,4.8,5.1,1.4,0.8,2.3,24.6,0.501,0.353,0.862,Shai Gilgeous-Alexander
1630264,233,1.7,0.5,0.2,0.2,0.3,3.3,0.512,0.298,0.753,Anthony Gill
1631221,64,1.9,2.2,0.7,0.2,0.6,5.7,0.44,0.418,0.795,Collin Gillespie
203497,835,11.7,1.4,0.7,2.1,1.6,12.6,0.656,0.0,0.641,Rudy Gobert
1630692,211,3.9,2.5,0.9,0.3,1.0,6.3,0.397,0.315,0.759,Jordan Goodwin
203932,775,6.2,2.7,0.7,0.6,1.5,13.5,0.483,0.333,0.693,Aaron Gordon
201569,996,2.3,2.7,0.8,0.4,1.8,15.1,0.431,0.372,0.81,Eric Gordon
1641789,16,0.3,0.4,0.1,0.1,0.3,1.5,0.391,0.364,0.5,Jazian Gortman
203924,805,3.8,1.5,0.7,1.0,1.2,12.4,0.45,0.365,0.748,Jerami Grant
1631260,170,1.8,1.0,0.3,0.1,0.4,6.0,0.435,0.426,0.831,AJ Green
203110,888,6.9,5.6,1.3,1.0,2.3,8.7,0.45,0.322,0.709,Draymond Green
1630224,307,4.3,3.4,0.8,0.3,2.4,20.1,0.422,0.342,0.799,Jalen Green
1629750,378,3.0,0.7,0.8,0.4,0.5,5.1,0.491,0.337,0.742,Javonte Green
201145,1500,4.0,1.5,0.6,0.5,1.3,12.0,0.448,0.335,0.803,Jeff Green
1630182,291,2.7,1.5,0.8,0.2,0.9,6.7,0.482,0.38,0.687,Josh Green
1629656,375,3.2,2.2,0.8,0.3,1.2,10.9,0.443,0.374,0.761,Quentin Grimes
1631243,46,4.1,0.8,0.7,0.9,0.5,5.8,0.434,0.274,0.732,Mouhamed Gueye
1629060,407,4.8,1.3,0.6,0.3,0.9,12.6,0.496,0.374,0.76,Rui Hachimura
1630169,410,3.7,8.7,1.5,0.6,2.2,17.1,0.476,0.395,0.853,Tyrese Haliburton
1641790,22,1.2,0.2,0.0,0.3,0.1,1.8,0.607,0.3,0.75,PJ Hall
203501,883,2.9,1.9,0.6,0.1,1.0,14.0,0.415,0.36,0.818,Tim Hardaway Jr.
201935,1265,5.8,7.5,1.5,0.6,3.7,24.0,0.439,0.361,0.862,James Harden
1630702,183,1.7,1.4,0.4,0.1,1.0,8.1,0.424,0.383,0.764,Jaden Hardy
1641989,12,2.0,0.8,1.0,0.1,0.2,3.2,0.317,0.276,0.5,Elijah Harkless
1631199,13,1.3,0.8,0.0,0.1,0.0,2.0,0.345,0.158,1.0,Ron Harper Jr.
203914,659,2.3,1.9,1.1,0.2,1.0,10.4,0.443,0.368,0.81,Gary Harris
202699,1269,6.2,2.3,0.8,0.5,1.4,16.2,0.476,0.37,0.835,Tobias Harris
1628404,665,7.1,3.3,1.1,0.3,1.5,10.6,0.479,0.343,0.753,Josh Hart
1628392,432,6.2,1.9,0.7,0.9,1.1,6.7,0.59,0.254,0.68,Isaiah Hartenstein
1630573,263,2.9,0.9,0.4,0.2,0.4,7.5,0.45,0.421,0.857,Sam Hauser
1641722,128,2.5,1.1,0.4,0.2,0.8,8.9,0.374,0.345,0.83,Jordan Hawkins
1629637,371,3.9,0.7,0.5,0.7,0.7,6.8,0.65,0.267,0.695,Jaxson Hayes
1630165,216,2.9,5.2,1.2,0.4,2.0,8.1,0.383,0.281,0.777,Killian Hayes
1630703,128,3.1,5.2,0.9,0.2,3.0,13.3,0.401,0.34,0.793,Scoot Henderson
1641707,49,4.6,0.7,0.7,0.7,0.7,6.9,0.437,0.366,0.78,Taylor Hendricks
1629639,361,5.0,4.0,0.7,0.2,2.2,19.4,0.448,0.382,0.874,Tyler Herro
1627741,968,4.0,2.5,0.8,0.3,1.6,14.4,0.43,0.392,0.86,Buddy Hield
1629312,218,3.1,1.1,0.7,0.4,0.6,5.4,0.449,0.374,0.605,Haywood Highsmith
1628988,513,1.6,2.1,0.6,0.2,0.9,6.4,0.424,0.382,0.854,Aaron Holiday
201950,1043,4.2,6.2,1.4,0.5,2.6,15.8,0.462,0.37,0.788,Jrue Holiday
1641842,87,2.7,1.1,0.7,0.2,1.0,6.7,0.47,0.247,0.763,Ronald Holland II
1626158,529,5.3,1.0,0.5,0.9,0.8,8.2,0.603,0.27,0.75,Richaun Holmes
1631096,118,8.0,2.3,0.7,2.3,1.7,16.3,0.521,0.374,0.785,Chet Holmgren
1641720,51,1.3,1.6,0.3,0.3,0.9,4.8,0.349,0.28,0.774,Jalen Hood-Schifino
201143,1143,7.8,3.2,0.8,1.1,1.4,12.9,0.509,0.376,0.763,Al Horford
1629659,305,2.6,2.8,0.8,0.4,1.4,9.2,0.427,0.299,0.771,Talen Horton-Tucker
1631216,170,1.5,0.6,0.3,0.1,0.3,4.0,0.391,0.372,0.836,Caleb Houstan
1641724,83,1.0,0.6,0.2,0.2,0.5,3.6,0.367,0.294,0.667,Jett Howard
1628989,557,3.4,2.8,0.9,0.4,1.2,11.4,0.44,0.37,0.76,Kevin Huerter
1630643,101,1.8,0.5,0.2,0.7,0.4,5.3,0.509,0.389,0.833,Jay Huff
1630574,28,2.2,0.5,0.1,0.6,0.8,1.8,0.629,,0.462,Ariel Hukporti
1629631,396,4.1,1.5,0.7,0.3,1.4,15.2,0.454,0.377,0.825,De'Andre Hunter
1630538,272,2.1,2.6,0.7,0.2,1.3,9.6,0.399,0.367,0.847,Bones Hyland
1642345,68,3.6,1.2,0.4,0.5,0.8,4.3,0.589,0.0,0.569,Oso Ighodaro
204060,725,3.0,3.6,0.9,0.1,1.5,7.9,0.447,0.409,0.774,Joe Ingles
1627742,502,5.2,4.3,0.7,0.6,2.6,19.5,0.469,0.364,0.788,Brandon Ingram
1631127,8,1.5,0.4,0.4,0.0,0.1,1.1,0.571,0.5,,Harrison Ingram
202681,839,4.1,5.6,1.3,0.5,2.5,23.9,0.476,0.392,0.889,Kyrie Irving
1628371,282,4.9,0.8,0.9,1.3,0.8,7.5,0.442,0.321,0.746,Jonathan Isaac
1631093,181,3.7,4.4,0.8,0.4,2.9,16.1,0.429,0.352,0.746,Jaden Ivey
1641713,79,3.7,1.1,0.5,0.4,1.2,11.6,0.412,0.349,0.744,GG Jackson
1630543,170,4.3,0.7,0.5,1.3,0.8,7.1,0.59,0.206,0.679,Isaiah Jackson
1631245,44,1.6,1.9,0.7,0.2,0.6,6.2,0.485,0.349,0.773,Quenton Jackson
202704,1060,2.9,4.2,0.7,0.1,1.8,12.3,0.423,0.343,0.853,Reggie Jackson
1641748,126,2.3,1.1,0.4,0.2,0.7,2.8,0.485,0.385,0.571,Andre Jackson Jr.
1628991,414,5.5,1.5,1.0,1.9,1.9,18.5,0.467,0.351,0.792,Jaren Jackson Jr.
1631218,133,4.9,1.4,0.4,0.9,0.7,7.2,0.639,0.0,0.576,Trayce Jackson-Davis
1642355,31,0.7,0.9,0.4,0.1,0.5,2.1,0.297,0.265,0.786,Bronny James
2544,1562,7.5,7.4,1.5,0.7,3.5,27.0,0.506,0.349,0.737,LeBron James
1631170,147,4.2,2.6,1.0,0.2,1.5,10.7,0.487,0.316,0.786,Jaime Jaquez Jr.
1629610,142,2.1,0.8,0.4,0.3,0.5,4.5,0.415,0.312,0.796,DaQuan Jeffries
1641998,127,3.8,0.7,0.3,0.7,0.9,4.2,0.552,,0.586,Trey Jemison III
1642450,11,0.2,0.8,0.4,0.0,0.5,1.9,0.4,0.3,0.5,Daniss Jenkins
1629660,229,2.0,2.8,0.7,0.1,1.0,8.7,0.458,0.381,0.85,Ty Jerome
1630198,323,2.0,1.1,0.5,0.1,0.5,7.6,0.432,0.402,0.834,Isaiah Joe
1642358,62,1.9,2.5,0.4,0.1,1.1,7.1,0.383,0.267,0.865,AJ Johnson
1629661,387,4.0,1.9,0.9,0.3,0.9,13.1,0.455,0.392,0.85,Cameron Johnson
1630552,190,6.4,2.6,0.9,0.6,1.4,11.3,0.508,0.318,0.719,Jalen Johnson
201949,907,3.5,2.1,0.8,0.8,1.3,7.4,0.471,0.299,0.671,James Johnson
1629640,376,5.4,2.1,0.7,0.2,1.3,15.5,0.469,0.353,0.761,Keldon Johnson
1630553,198,2.6,2.0,0.8,0.3,1.3,8.0,0.375,0.327,0.772,Keon Johnson
1642352,18,1.7,0.2,0.3,0.2,0.2,2.8,0.636,0.4,0.444,Keshad Johnson
203999,750,11.0,7.2,1.3,0.7,2.9,21.7,0.56,0.358,0.824,Nikola Jokić
1641732,109,2.0,1.0,0.5,0.3,0.5,3.5,0.443,0.279,0.642,Colby Jones
1641794,54,2.2,1.1,0.3,0.1,0.5,2.5,0.383,0.254,0.607,Dillon Jones
1630529,246,3.8,2.5,1.6,0.7,1.3,10.1,0.475,0.369,0.823,Herbert Jones
1642403,43,1.4,0.3,0.1,0.2,0.4,3.2,0.647,0.333,0.632,Isaac Jones
1630539,147,2.6,0.5,0.3,0.5,0.5,3.9,0.71,0.226,0.694,Kai Jones
1630222,83,1.6,1.3,0.2,0.0,0.7,4.7,0.425,0.344,0.647,Mason Jones
1642461,24,0.8,0.2,0.3,0.2,0.4,1.2,0.324,0.053,1.0,Spencer Jones
1630200,349,2.8,4.6,0.9,0.1,1.1,8.3,0.493,0.325,0.838,Tre Jones
1626145,689,2.0,4.4,1.0,0.1,0.8,7.6,0.445,0.376,0.821,Tyus Jones
1627884,522,3.2,0.7,0.7,0.6,0.6,7.1,0.507,0.325,0.704,Derrick Jones Jr.
201599,1230,9.7,1.0,0.5,1.4,1.3,8.5,0.671,0.154,0.49,DeAndre Jordan
202709,929,2.4,2.9,0.7,0.2,1.0,6.8,0.443,0.349,0.788,Cory Joseph
1631107,113,3.8,2.2,0.6,0.3,1.1,8.7,0.447,0.37,0.802,Nikola Jović
1630548,105,2.5,0.9,0.4,0.1,0.5,7.7,0.42,0.363,0.795,Johnny Juzang
1642530,22,0.5,0.9,0.1,0.0,0.2,1.6,0.367,0.304,0.778,Yuki Kawamura
1630283,22,3.5,0.5,0.1,0.3,0.4,3.1,0.636,,0.6,Kylor Kelley
1628379,526,2.8,2.2,0.5,0.1,1.0,9.7,0.461,0.445,0.886,Luke Kennard
1631117,201,9.3,1.2,0.5,2.4,1.1,9.5,0.681,0.266,0.545,Walker Kessler
1630296,48,2.5,0.6,0.5,0.5,0.5,3.9,0.446,0.292,0.595,Braxton Key
1630557,298,2.8,1.5,0.5,0.2,0.9,11.0,0.474,0.381,0.801,Corey Kispert
1628467,440,4.4,1.2,0.4,0.9,0.7,6.4,0.443,0.354,0.776,Maxi Kleber
1641752,9,1.1,0.8,0.4,0.1,0.1,1.9,0.583,0.4,0.333,Bobi Klintman
1642261,84,2.7,0.8,0.3,0.1,0.5,8.9,0.459,0.367,0.764,Dalton Knecht
1628995,413,2.7,0.7,0.4,0.2,0.8,6.9,0.401,0.338,0.728,Kevin Knox II
1642278,47,0.7,1.7,0.3,0.1,0.5,2.1,0.347,0.293,0.765,Tyler Kolek
1631132,97,2.7,0.5,0.3,0.8,0.3,2.8,0.519,0.062,0.644,Christian Koloko
1629723,314,4.0,1.4,0.8,0.4,0.5,4.2,0.471,0.363,0.728,John Konchar
1628436,401,3.3,1.1,0.3,0.8,0.4,5.0,0.528,0.31,0.759,Luke Kornet
1630249,141,2.4,1.9,0.5,0.3,0.8,5.6,0.463,0.394,0.756,Vít Krejčí
1630228,265,4.1,1.8,0.6,0.4,1.4,12.6,0.508,0.336,0.701,Jonathan Kuminga
1628398,611,6.2,2.6,0.6,0.5,2.2,16.7,0.449,0.331,0.712,Kyle Kuzma
1631222,209,3.6,2.0,0.8,0.3,1.2,7.1,0.451,0.391,0.718,Jake LaRavia
203897,734,4.1,4.0,0.9,0.3,2.6,21.1,0.475,0.398,0.833,Zach LaVine
1627746,174,4.1,0.9,0.3,0.6,0.9,6.6,0.494,0.374,0.734,Skal Labissiere
1629111,228,3.4,1.0,0.3,0.4,0.7,5.6,0.522,0.311,0.769,Jock Landale
1641796,61,1.8,1.3,0.6,0.1,0.5,4.9,0.451,0.345,0.696,Pelle Larsson
1630639,98,1.8,0.6,0.3,0.1,0.4,4.9,0.446,0.328,0.608,A.J. Lawson
1627747,696,3.8,4.1,1.0,0.4,1.7,14.4,0.44,0.344,0.742,Caris LeVert
1627814,315,3.2,1.3,0.6,0.1,0.8,7.8,0.433,0.374,0.881,Damion Lee
203458,855,5.0,0.8,0.4,0.9,1.0,6.5,0.52,0.313,0.671,Alex Len
202695,738,6.4,3.1,1.7,0.6,1.7,20.1,0.499,0.393,0.86,Kawhi Leonard
1642502,6,0.5,0.2,0.0,0.0,0.2,0.3,0.0,0.0,0.5,Malevy Leons
1641721,90,1.3,0.5,0.2,0.2,0.4,2.7,0.397,0.358,0.696,Maxwell Lewis
1630604,21,0.8,0.2,0.1,0.1,0.2,1.5,0.458,0.235,1.0,E.J. Liddell
203081,900,4.3,6.7,1.0,0.3,2.8,25.1,0.439,0.371,0.899,Damian Lillard
1641726,94,7.1,1.6,0.6,1.5,1.0,8.6,0.73,0.0,0.563,Dereck Lively II
1641753,42,1.3,0.2,0.2,0.0,0.3,1.3,0.408,0.077,0.75,Chris Livingston
1626172,600,5.7,1.6,0.5,0.5,0.6,5.0,0.574,0.182,0.608,Kevon Looney
201572,1110,6.1,1.5,0.6,1.9,1.6,15.8,0.496,0.352,0.797,Brook Lopez
201567,1015,9.8,2.3,0.6,0.4,1.7,15.7,0.436,0.366,0.829,Kevin Love
200768,1311,4.1,5.8,1.2,0.3,2.2,13.3,0.424,0.367,0.815,Kyle Lowry
1641754,9,0.8,0.0,0.0,0.0,0.1,1.6,0.235,0.231,0.75,Seth Lundy
1626168,725,4.4,1.1,0.4,0.4,0.8,7.9,0.444,0.344,0.753,Trey Lyles
1630572,241,3.3,1.1,0.3,0.3,0.6,5.4,0.464,0.342,0.724,Sandro Mamukelashvili
1629611,485,3.5,1.9,0.6,0.2,0.8,8.1,0.503,0.371,0.771,Terance Mann
1630544,229,3.0,2.6,0.9,0.1,1.3,9.4,0.415,0.35,0.786,Tre Mann
1628374,456,7.1,1.5,0.7,0.5,1.4,18.4,0.456,0.371,0.867,Lauri Markkanen
1630230,305,3.8,2.2,0.8,0.2,1.2,8.8,0.455,0.301,0.79,Naji Marshall
1628997,361,3.9,1.7,0.9,0.4,1.0,8.2,0.444,0.357,0.715,Caleb Martin
1628998,312,3.8,2.2,1.0,0.4,0.9,6.3,0.433,0.303,0.668,Cody Martin
1641798,32,2.8,1.1,0.6,0.0,0.8,4.9,0.419,0.304,0.9,Jaylen Martin
1630231,412,3.6,1.1,0.4,0.4,0.7,7.6,0.545,0.321,0.673,KJ Martin
1631213,82,3.0,1.7,0.5,0.1,1.0,7.1,0.4,0.342,0.81,Tyrese Martin
1629726,368,1.7,0.7,0.5,0.2,0.4,6.2,0.4,0.378,0.845,Garrison Mathews
1631097,211,4.5,1.8,0.6,0.2,1.8,16.0,0.447,0.344,0.829,Bennedict Mathurin
1631255,46,4.6,1.0,0.5,0.9,0.9,7.2,0.573,0.313,0.739,Karlo Matković
1630178,324,3.0,4.5,0.9,0.3,1.4,19.8,0.461,0.383,0.867,Tyrese Maxey
1630540,240,1.5,1.8,0.7,0.1,0.4,6.4,0.404,0.362,0.782,Miles McBride
1642272,23,2.4,2.6,0.7,0.0,1.6,15.3,0.46,0.383,0.875,Jared McCain
1630644,10,2.1,1.5,0.7,0.3,1.1,6.0,0.431,0.296,0.727,Mac McClung
203468,855,3.7,3.9,0.9,0.4,1.8,19.7,0.453,0.396,0.79,CJ McCollum
204456,706,2.9,5.0,1.2,0.2,1.6,7.6,0.516,0.345,0.778,T.J. McConnell
1641755,4,2.0,0.5,0.2,0.2,0.0,1.5,0.286,0.0,1.0,Kevin McCullar Jr.
1630183,372,4.2,1.5,0.9,0.8,1.1,10.5,0.483,0.35,0.755,Jaden McDaniels
1629667,332,3.5,1.3,0.7,0.4,0.9,7.4,0.451,0.325,0.796,Jalen McDaniels
203926,908,2.1,1.0,0.2,0.1,0.6,8.3,0.466,0.409,0.802,Doug McDermott
1631121,121,1.6,0.9,0.3,0.1,0.6,4.7,0.413,0.321,0.771,Bryce McGowens
1629162,340,1.3,2.6,0.7,0.1,0.6,3.8,0.442,0.375,0.75,Jordan McLaughlin
1629098,9,0.6,0.1,0.0,0.2,0.2,1.6,0.294,0.308,,Jack McVeigh
1629001,356,3.7,2.8,1.4,0.5,1.4,9.1,0.41,0.369,0.779,De'Anthony Melton
1630241,177,1.9,1.4,0.5,0.1,0.4,6.8,0.41,0.392,0.934,Sam Merrill
203995,202,1.8,3.9,0.5,0.1,1.7,6.8,0.395,0.315,0.819,Vasilije Micic
203114,819,4.7,3.9,1.2,0.2,2.1,16.4,0.461,0.386,0.876,Khris Middleton
1641706,103,4.3,2.7,0.9,0.6,2.0,18.2,0.428,0.364,0.832,Brandon Miller
1641801,6,1.3,0.3,0.2,0.0,0.0,1.7,0.5,0.0,1.0,Emanuel Miller
1641757,45,1.4,0.8,0.4,0.1,0.6,3.7,0.441,0.225,0.811,Jordan Miller
1631159,32,1.0,0.2,0.1,0.1,0.1,1.6,0.556,0.2,0.9,Leonard Miller
201988,982,1.6,2.1,0.6,0.1,0.9,8.4,0.421,0.382,0.86,Patty Mills
1629003,464,2.1,2.2,0.4,0.2,0.9,7.4,0.448,0.353,0.821,Shake Milton
1631303,57,1.4,0.6,0.3,0.3,0.3,1.7,0.314,0.239,0.417,Justin Minaya
1642434,4,1.0,0.2,0.2,0.0,0.0,2.2,0.571,0.25,,Riley Minix
1631169,99,1.3,0.4,0.3,0.3,0.2,2.7,0.475,0.329,0.87,Josh Minott
1642274,78,8.1,1.4,0.5,1.3,1.2,9.0,0.553,0.0,0.618,Yves Missi
1642349,43,2.2,2.1,0.8,0.1,0.9,8.3,0.477,0.355,0.871,Ajay Mitchell
1630558,381,1.9,3.7,0.7,0.2,1.3,7.7,0.447,0.355,0.689,Davion Mitchell
1628378,545,4.3,4.7,1.4,0.3,2.7,24.8,0.45,0.367,0.839,Donovan Mitchell
1630596,276,8.9,3.0,0.9,1.6,1.9,16.5,0.545,0.315,0.694,Evan Mobley
1630600,23,1.5,0.6,0.3,0.2,0.1,2.6,0.407,0.333,0.714,Isaiah Mobley
1642367,68,4.7,2.2,0.8,0.5,1.0,5.8,0.44,0.243,0.732,Jonathan Mogbo
1628370,528,2.6,3.2,0.6,0.3,1.6,12.4,0.435,0.352,0.848,Malik Monk
1630541,260,2.2,0.9,0.5,0.3,0.6,7.0,0.447,0.369,0.775,Moses Moody
1631386,6,2.7,1.0,0.7,0.0,0.8,4.0,0.345,0.182,0.5,Taze Moore
1631111,126,1.7,0.9,0.4,0.1,0.5,2.9,0.463,0.286,0.816,Wendell Moore Jr.
1629630,313,4.7,7.4,1.0,0.3,3.4,22.6,0.468,0.312,0.77,Ja Morant
202693,1021,4.7,1.5,0.7,0.5,1.4,9.9,0.439,0.343,0.776,Markieff Morris
1628420,453,2.3,3.5,0.7,0.2,0.7,9.1,0.471,0.389,0.821,Monté Morris
1630530,257,3.9,1.9,0.9,0.5,0.8,13.8,0.452,0.382,0.875,Trey Murphy III
1627749,503,5.8,5.4,1.5,0.3,2.1,15.5,0.453,0.34,0.79,Dejounte Murray
1627750,541,3.8,4.7,1.0,0.4,2.0,18.0,0.456,0.382,0.871,Jamal Murray
1631099,233,5.6,1.4,0.9,0.7,0.8,13.3,0.451,0.372,0.812,Keegan Murray
1631200,136,3.1,1.1,0.7,0.3,0.8,5.1,0.41,0.253,0.564,Kris Murray
1629004,477,1.8,1.4,0.6,0.1,0.9,6.5,0.403,0.357,0.747,Svi Mykhailiuk
1631250,34,1.3,0.6,0.1,0.1,0.3,2.3,0.414,0.388,0.333,Pete Nance
1626204,665,6.1,1.8,1.1,0.5,0.9,7.7,0.54,0.346,0.691,Larry Nance Jr.
1629614,209,2.7,4.6,1.0,0.1,1.6,9.5,0.463,0.334,0.798,Andrew Nembhard
1630174,294,3.3,1.1,0.6,0.4,0.8,9.0,0.458,0.384,0.821,Aaron Nesmith
1641803,16,0.5,0.2,0.1,0.0,0.2,0.4,0.125,0.0,1.0,Tristen Newton
1627777,623,2.6,1.0,0.3,0.1,0.7,7.8,0.447,0.4,0.842,Georges Niang
1630227,99,1.4,1.8,0.5,0.1,1.2,3.3,0.356,0.288,0.595,Daishen Nix
1630192,254,2.2,0.4,0.3,0.5,0.4,4.2,0.509,0.359,0.656,Zeke Nnaji
1641936,3,3.0,0.0,0.7,0.3,0.0,2.3,0.222,0.286,0.5,Miles Norris
1629669,218,2.2,1.8,0.5,0.2,0.7,8.7,0.442,0.311,0.791,Jaylen Nowell
203994,712,8.6,2.4,0.9,1.1,2.1,11.4,0.5,0.285,0.658,Jusuf Nurkić
1626220,686,4.8,2.4,0.8,0.4,1.0,7.2,0.422,0.384,0.761,Royce O'Neale
1626143,276,4.5,0.9,0.3,0.8,1.3,9.9,0.543,0.226,0.679,Jahlil Okafor
1629643,207,3.9,1.5,0.9,0.4,0.6,6.3,0.391,0.323,0.784,Chuma Okeke
1629006,461,2.9,1.1,1.0,0.4,0.8,6.5,0.412,0.308,0.748,Josh Okogie
1630168,314,6.7,1.3,0.7,1.1,0.9,9.7,0.611,0.328,0.75,Onyeka Okongwu
1630171,340,2.8,1.6,0.8,0.4,0.8,8.1,0.465,0.35,0.731,Isaac Okoro
1642439,2,0.0,0.5,0.0,0.0,0.5,1.5,0.2,0.2,,Quincy Olivari
203482,992,5.3,2.7,0.8,0.5,1.7,10.3,0.491,0.369,0.8,Kelly Olynyk
1626162,730,4.7,1.1,1.1,0.5,1.1,13.5,0.44,0.325,0.754,Kelly Oubre Jr.
101108,1359,4.4,9.2,2.0,0.2,2.3,16.9,0.469,0.37,0.871,Chris Paul
1626166,626,1.9,3.0,0.6,0.2,1.1,7.5,0.417,0.366,0.834,Cameron Payne
203901,611,4.0,5.9,1.2,0.3,2.2,9.8,0.447,0.29,0.626,Elfrid Payton
1627780,322,2.8,1.1,0.9,0.3,0.6,5.2,0.549,0.339,0.619,Gary Payton II
1641809,28,1.5,0.5,0.2,0.1,0.3,2.3,0.447,0.421,0.778,Drew Peterson
1641763,124,1.7,0.4,0.4,0.2,0.3,3.7,0.437,0.321,0.768,Julian Phillips
1629618,79,1.1,1.7,0.3,0.1,0.4,3.2,0.432,0.385,0.769,Jalen Pickett
1630590,106,3.1,4.2,1.3,0.4,1.8,10.0,0.481,0.401,0.715,Scotty Pippen Jr.
1631342,6,1.8,0.3,0.0,0.0,0.7,7.2,0.64,0.529,1.0,Daeqwon Plowden
203486,1023,6.9,2.5,0.7,0.8,1.4,8.4,0.596,0.035,0.583,Mason Plumlee
1641764,145,5.4,3.5,1.0,0.2,1.2,10.4,0.451,0.378,0.697,Brandin Podziemski
1627751,671,7.2,1.9,0.7,1.3,1.3,9.3,0.63,0.375,0.559,Jakob Poeltl
1629673,418,2.7,3.8,0.9,0.3,2.3,16.9,0.421,0.345,0.881,Jordan Poole
1641854,109,1.8,1.9,0.4,0.3,0.8,4.7,0.515,0.411,0.705,Craig Porter Jr.
1629645,347,4.0,4.3,1.1,0.3,2.4,13.1,0.437,0.347,0.741,Kevin Porter Jr.
1629008,351,6.4,1.4,0.6,0.6,1.2,16.3,0.499,0.405,0.794,Michael Porter Jr.
1626171,710,7.2,1.3,0.6,0.4,1.1,12.1,0.475,0.384,0.768,Bobby Portis
204001,557,7.8,1.9,0.7,1.8,1.7,19.7,0.461,0.361,0.833,Kristaps Porziņģis
1642366,49,3.5,1.2,0.3,0.4,0.8,7.5,0.445,0.399,0.778,Quinten Post
1630695,64,3.6,0.6,0.3,0.3,0.6,3.9,0.453,0.344,0.833,Micah Potter
203939,739,4.1,1.0,0.6,0.4,0.7,6.6,0.601,0.293,0.738,Dwight Powell
1626181,734,2.8,1.6,0.9,0.3,1.3,14.1,0.471,0.402,0.829,Norman Powell
1627752,629,3.6,1.7,0.8,0.4,1.4,9.8,0.427,0.386,0.815,Taurean Prince
1630202,354,2.8,2.6,0.5,0.1,0.8,9.2,0.452,0.393,0.851,Payton Pritchard
1641765,97,2.2,0.6,0.4,0.1,0.3,3.6,0.405,0.253,0.69,Olivier-Maxence Prosper
1642389,3,0.0,0.0,0.0,0.0,0.0,0.0,0.0,,,Zyon Pullin
1630243,62,1.7,1.1,0.7,0.3,0.7,4.1,0.372,0.271,0.857,Trevelin Queen
1629674,117,3.9,0.7,0.3,0.7,0.6,4.9,0.628,0.0,0.713,Neemias Queta
1630193,399,3.5,4.0,0.7,0.1,1.3,14.5,0.423,0.377,0.855,Immanuel Quickley
1631311,67,1.7,1.3,0.2,0.1,0.7,5.2,0.397,0.333,0.754,Lester Quinones
203944,716,9.1,3.8,0.7,0.4,2.8,19.1,0.472,0.336,0.754,Julius Randle
1641871,118,2.9,0.8,0.4,0.4,0.6,7.0,0.45,0.35,0.774,Duop Reath
1630559,287,3.8,4.4,0.8,0.3,1.8,14.9,0.481,0.368,0.866,Austin Reaves
1629629,343,2.5,1.2,1.0,0.3,1.1,8.8,0.405,0.326,0.838,Cam Reddish
1630194,264,3.9,0.8,0.7,0.7,0.6,4.9,0.549,0.315,0.705,Paul Reed
1642024,30,3.1,0.3,0.7,0.7,0.4,5.1,0.481,0.366,0.75,Alex Reese
1641810,44,1.4,0.9,0.5,0.1,0.7,6.9,0.456,0.395,0.8,Antonio Reeves
1629675,412,4.9,1.3,0.6,0.9,1.2,11.6,0.486,0.372,0.725,Naz Reid
1631197,59,2.6,0.8,0.5,0.3,0.5,6.2,0.472,0.318,0.859,Jared Rhoden
1630208,321,6.3,0.6,0.2,0.9,1.0,7.6,0.627,0.143,0.743,Nick Richards
1626196,684,3.0,2.6,1.0,0.5,1.3,11.3,0.429,0.368,0.851,Josh Richardson
1642258,80,3.4,1.2,0.7,0.5,1.2,12.4,0.456,0.353,0.712,Zaccharie Risacher
1641857,13,0.9,0.2,0.2,0.2,0.5,0.7,0.25,0.0,0.5,Liam Robbins
1629130,429,2.6,1.8,0.5,0.2,1.0,11.3,0.434,0.397,0.873,Duncan Robinson
1629011,339,7.8,0.6,0.9,1.8,0.7,7.8,0.698,,0.522,Mitchell Robinson
1631115,156,4.2,1.4,0.3,0.3,0.8,5.3,0.461,0.336,0.76,Orlando Robinson
1630526,198,4.3,1.0,0.5,0.2,0.6,6.0,0.44,0.342,0.796,Jeremiah Robinson-Earl
1631223,266,2.9,1.1,0.4,0.2,0.8,6.1,0.419,0.301,0.692,David Roddy
1631157,100,1.7,1.7,0.8,0.2,1.0,5.7,0.494,0.419,0.814,Ryan Rollins
1642050,6,1.8,0.7,0.7,0.0,0.2,3.7,0.471,0.3,0.5,Jackson Rowe
1626179,726,3.9,3.7,0.9,0.3,1.4,14.4,0.421,0.361,0.834,Terry Rozier
1641712,95,1.8,0.9,0.3,0.1,0.7,3.3,0.37,0.321,0.764,Rayan Rupert
1626156,809,3.3,5.7,1.0,0.3,2.6,17.3,0.428,0.364,0.801,D'Angelo Russell
1630346,116,0.9,0.5,0.2,0.0,0.3,3.7,0.384,0.396,0.875,Matt Ryan
1627734,713,10.8,4.9,0.8,0.5,2.6,16.3,0.561,0.341,0.73,Domantas Sabonis
1642275,67,4.6,1.2,0.5,0.2,0.9,5.6,0.332,0.286,0.71,Tidjane Salaün
1641766,13,3.2,0.1,0.1,0.0,0.5,3.4,0.529,,0.667,Adama Sanogo
1630611,85,2.7,1.1,0.4,0.1,0.6,3.8,0.473,0.343,0.763,Gui Santos
1642259,73,6.7,2.5,0.7,1.6,1.8,13.3,0.406,0.313,0.689,Alex Sarr
1631204,128,1.5,2.9,0.6,0.1,1.1,7.5,0.441,0.378,0.863,Marcus Sasser
1631248,37,2.2,0.9,0.5,0.1,0.3,3.6,0.38,0.341,0.769,Baylor Scheierman
203471,1068,2.9,5.0,0.8,0.1,2.2,13.9,0.43,0.345,0.838,Dennis Schröder
1630578,291,8.5,4.1,1.0,0.9,2.4,16.1,0.517,0.283,0.703,Alperen Sengun
1641729,109,3.0,1.6,0.6,0.1,1.5,9.8,0.441,0.389,0.897,Brice Sensabaugh
1629012,414,2.8,3.7,0.8,0.1,2.3,18.8,0.471,0.388,0.838,Collin Sexton
1629013,483,1.7,1.5,0.5,0.1,0.6,8.4,0.416,0.392,0.829,Landry Shamet
1630545,38,1.7,1.0,0.3,0.1,0.6,4.3,0.453,0.366,0.808,Terrence Shannon Jr.
1630549,197,5.6,1.2,0.5,0.7,1.1,6.5,0.553,0.294,0.649,Day'Ron Sharpe
1631101,190,3.9,2.1,0.7,0.3,1.7,14.4,0.444,0.328,0.786,Shaedon Sharpe
1642347,82,1.6,4.3,0.7,0.1,1.5,7.1,0.409,0.335,0.778,Jamal Shead
1641767,126,2.4,1.2,0.6,0.1,0.3,5.0,0.399,0.318,0.862,Ben Sheppard
1642263,57,1.6,1.6,0.7,0.3,0.8,4.9,0.358,0.355,0.81,Reed Sheppard
1627783,715,6.7,3.7,0.9,0.6,1.8,18.5,0.503,0.341,0.755,Pascal Siakam
1627732,434,7.1,7.0,1.4,0.6,2.9,12.2,0.556,0.139,0.595,Ben Simmons
1629014,396,2.5,3.2,0.5,0.1,1.6,15.0,0.43,0.381,0.879,Anfernee Simons
1642354,37,3.1,3.1,0.9,0.2,1.6,7.8,0.346,0.256,0.827,KJ Simpson
1631301,6,1.0,2.0,0.5,0.2,1.3,7.0,0.429,0.4,0.8,Jaylen Sims
1630579,247,3.9,0.6,0.2,0.4,0.5,2.3,0.699,0.0,0.598,Jericho Sims
203935,674,3.4,4.5,1.5,0.4,1.9,10.5,0.389,0.325,0.775,Marcus Smart
1630696,59,1.8,1.8,1.0,0.3,0.6,4.2,0.453,0.39,0.85,Dru Smith
1630188,328,5.4,0.8,0.3,0.7,0.8,8.6,0.504,0.331,0.753,Jalen Smith
1642449,2,6.0,0.0,0.5,0.0,1.5,12.5,0.692,,0.7,Tolu Smith
1641890,23,1.1,0.2,0.1,0.2,0.3,2.9,0.48,0.433,0.75,Tyler Smith
1631095,217,7.4,1.3,0.6,0.8,1.2,13.0,0.432,0.34,0.807,Jabari Smith Jr.
1641733,113,1.8,1.8,0.2,0.1,1.1,8.0,0.389,0.367,0.906,Nick Smith Jr.
1631110,184,6.1,2.8,0.8,0.5,1.7,11.4,0.468,0.29,0.725,Jeremy Sochan
1642285,32,1.4,1.8,0.5,0.0,0.4,4.9,0.4,0.383,0.935,Cam Spencer
1630311,48,1.1,1.1,0.3,0.1,0.4,2.2,0.405,0.2,0.733,Pat Spencer
1630531,202,1.4,0.8,0.6,0.2,0.5,2.9,0.402,0.234,0.774,Jaden Springer
1641815,3,0.7,0.0,0.3,0.0,0.0,0.0,0.0,0.0,,Isaiah Stevens
1630205,258,2.9,0.6,0.5,0.4,0.6,5.8,0.46,0.289,0.735,Lamar Stevens
1630191,313,7.1,1.3,0.4,1.1,1.1,8.6,0.506,0.349,0.726,Isaiah Stewart
1631124,118,1.8,1.1,0.5,0.2,0.7,7.0,0.412,0.33,0.784,Julian Strawther
1629622,309,3.4,2.4,0.6,0.2,1.0,10.4,0.427,0.368,0.812,Max Strus
1630591,216,3.3,3.3,1.4,0.6,2.2,12.3,0.421,0.329,0.781,Jalen Suggs
1631306,45,1.5,0.3,0.2,0.1,0.4,3.8,0.358,0.326,0.5,Cole Swider
1630256,298,4.1,2.0,0.8,0.4,1.2,8.2,0.493,0.309,0.7,Jae'Sean Tate
1628369,585,7.3,3.8,1.1,0.7,2.4,23.6,0.459,0.37,0.84,Jayson Tatum
1630678,129,2.4,0.6,0.2,0.2,0.4,4.2,0.568,0.282,0.667,Terry Taylor
202066,897,2.2,1.6,0.8,0.3,0.9,6.0,0.401,0.341,0.737,Garrett Temple
1631207,173,1.6,1.2,0.5,0.2,0.5,3.4,0.442,0.3,0.662,Dalen Terry
1628464,583,4.7,1.2,0.5,0.8,0.8,7.4,0.536,0.326,0.717,Daniel Theis
1630560,221,2.5,2.1,0.5,0.2,1.4,15.4,0.438,0.346,0.861,Cam Thomas
1641708,136,7.4,3.4,1.3,0.9,1.8,12.0,0.544,0.212,0.685,Amen Thompson
1641709,128,5.9,2.1,1.4,0.8,1.3,9.6,0.506,0.202,0.614,Ausar Thompson
202691,871,3.5,2.3,0.8,0.5,1.6,19.0,0.45,0.41,0.86,Klay Thompson
202684,876,7.7,1.0,0.5,0.6,1.0,8.2,0.52,0.244,0.589,Tristan Thompson
1630550,205,2.1,0.5,0.3,0.4,0.4,3.3,0.419,0.315,0.656,JT Thor
1629680,422,2.0,1.1,1.5,0.7,0.5,4.8,0.438,0.348,0.67,Matisse Thybulle
1630214,320,3.8,1.2,0.8,0.5,0.6,5.3,0.495,0.252,0.555,Xavier Tillman
1631166,9,7.2,2.2,0.4,0.1,1.7,12.1,0.441,0.257,0.625,Drew Timme
1641772,5,4.2,0.4,0.0,0.2,0.4,7.2,0.406,0.2,0.727,Nae'Qwan Tomlin
1631210,45,0.8,0.3,0.1,0.0,0.2,1.4,0.436,0.458,1.0,Jacob Toppin
1630167,365,3.4,1.2,0.4,0.4,0.7,8.5,0.521,0.353,0.776,Obi Toppin
1626157,651,11.1,3.2,0.8,1.2,2.7,23.0,0.523,0.4,0.838,Karl-Anthony Towns
1642422,9,1.7,0.1,0.4,0.2,0.3,1.6,0.316,0.0,0.286,Armel Traore
1631247,15,1.7,0.7,0.1,0.1,0.6,0.9,0.179,0.0,1.0,Luke Travers
1629018,479,2.4,1.5,1.1,0.2,0.7,13.9,0.421,0.39,0.815,Gary Trent Jr.
1631131,22,6.3,0.5,0.7,0.1,0.5,6.0,0.578,,0.744,Oscar Tshiebwe
200782,1050,5.3,1.3,1.1,0.3,0.9,6.3,0.422,0.364,0.753,P.J. Tucker
1626167,648,6.8,1.3,0.7,2.2,1.4,14.0,0.498,0.362,0.77,Myles Turner
1641816,71,1.3,0.3,0.2,0.1,0.2,2.2,0.373,0.3,0.75,Hunter Tyson
1642281,54,2.1,1.0,0.4,0.1,0.7,4.5,0.449,0.38,0.774,Jaylon Tyson
1630649,47,1.4,0.3,0.3,0.3,0.4,3.1,0.378,0.391,0.868,Stanley Umude
202685,1072,9.1,1.4,0.4,0.9,1.6,13.0,0.56,0.332,0.798,Jonas Valančiūnas
1627832,550,3.4,5.7,1.4,0.5,1.7,14.9,0.401,0.371,0.862,Fred VanVleet
1629020,405,6.3,1.6,1.0,0.4,1.0,6.1,0.555,0.292,0.655,Jarred Vanderbilt
1630170,309,3.8,2.6,1.1,0.4,1.1,14.1,0.443,0.368,0.803,Devin Vassell
1629216,281,1.6,2.0,0.8,0.1,1.0,7.1,0.395,0.336,0.834,Gabe Vincent
1641774,50,3.4,1.1,0.3,0.6,1.1,8.5,0.478,0.345,0.763,Tristan Vukcevic
202696,1048,10.6,3.0,0.8,0.9,1.7,17.6,0.496,0.358,0.776,Nikola Vučević
1629731,290,3.5,1.0,0.6,0.3,0.4,5.3,0.426,0.367,0.683,Dean Wade
1630532,298,4.9,3.7,1.0,0.3,1.9,19.2,0.475,0.324,0.853,Franz Wagner
1629021,408,3.9,1.2,0.5,0.3,1.1,8.9,0.519,0.326,0.808,Moritz Wagner
1631133,194,4.5,0.7,0.4,0.2,0.7,6.1,0.464,0.311,0.74,Jabari Walker
1641716,114,2.9,1.5,0.6,0.3,0.9,5.7,0.438,0.391,0.708,Jarace Walker
1629022,342,2.3,1.5,0.5,0.3,0.9,10.0,0.422,0.356,0.795,Lonnie Walker IV
1641717,156,2.8,2.0,1.4,0.5,0.7,7.6,0.478,0.389,0.805,Cason Wallace
1630811,37,1.6,2.6,0.8,0.2,1.0,5.1,0.412,0.356,0.923,Keaton Wallace
1641775,65,1.4,0.4,0.3,0.2,0.3,1.6,0.37,0.275,0.571,Jordan Walsh
1642266,56,3.0,1.5,0.8,0.2,0.9,8.2,0.4,0.344,0.8,Ja'Kobe Walter
1642276,70,7.3,0.9,0.6,1.1,0.9,9.2,0.549,0.318,0.693,Kel'el Ware
1629023,469,5.8,2.2,1.0,1.0,1.6,13.1,0.446,0.35,0.703,P.J. Washington
1631102,58,1.1,1.2,0.4,0.0,0.3,3.3,0.347,0.234,0.542,TyTy Washington Jr.
1630322,208,2.0,0.9,0.4,0.2,0.3,5.1,0.392,0.361,0.776,Lindy Waters III
1630570,220,3.7,1.9,0.5,0.3,1.2,7.8,0.521,0.349,0.758,Trendon Watford
1641817,9,0.3,0.2,0.1,0.0,0.2,0.9,0.444,0.0,,Anton Watson
1631212,176,3.1,1.1,0.6,1.1,0.7,6.8,0.475,0.33,0.68,Peyton Watson
1642377,86,3.4,1.7,0.6,0.1,0.9,10.4,0.418,0.343,0.805,Jaylen Wells
1641705,123,10.9,3.7,1.2,3.7,3.4,22.7,0.472,0.337,0.808,Victor Wembanyama
1631104,162,1.5,2.5,0.6,0.1,1.1,4.4,0.409,0.291,0.632,Blake Wesley
201566,1316,6.9,8.0,1.5,0.3,3.9,20.8,0.438,0.306,0.768,Russell Westbrook
1630762,5,1.6,0.4,0.2,0.4,0.2,1.6,0.143,0.0,1.0,Phillip Wheeler
1629632,422,3.6,3.8,0.7,0.2,1.8,15.2,0.433,0.369,0.865,Coby White
1628401,576,3.6,4.3,0.8,0.9,1.4,13.0,0.442,0.359,0.854,Derrick White
1641727,22,1.5,0.7,0.3,0.1,0.7,5.3,0.396,0.429,0.571,Dariq Whitehead
1641715,104,3.4,0.8,0.7,0.3,0.9,10.7,0.448,0.357,0.702,Cam Whitmore
1630598,281,3.2,1.4,0.7,0.2,0.9,8.7,0.501,0.387,0.793,Aaron Wiggins
203952,886,4.5,2.4,1.0,0.7,1.9,18.6,0.449,0.355,0.726,Andrew Wiggins
1631214,9,0.2,0.1,0.0,0.1,0.4,1.1,0.4,0.2,1.0,Alondes Williams
1630314,78,1.9,2.5,0.7,0.2,1.4,8.6,0.429,0.316,0.734,Brandon Williams
1642262,54,2.2,1.1,0.4,0.3,0.9,4.5,0.332,0.266,0.725,Cody Williams
1629684,456,3.8,1.6,0.5,0.5,1.1,7.7,0.453,0.376,0.77,Grant Williams
1631114,215,4.6,4.3,1.4,0.6,1.8,18.1,0.513,0.382,0.803,Jalen Williams
1631119,172,4.5,1.9,0.5,0.4,0.7,5.1,0.427,0.381,0.752,Jaylin Williams
1629026,391,4.1,1.8,0.8,0.3,0.7,6.4,0.47,0.365,0.549,Kenrich Williams
1631109,112,8.8,1.4,0.7,1.1,1.2,12.2,0.621,0.0,0.749,Mark Williams
1631466,47,1.1,0.6,0.3,0.1,0.5,3.9,0.517,0.282,0.583,Nate Williams
1630172,282,4.1,1.5,0.8,0.7,1.3,9.5,0.453,0.394,0.766,Patrick Williams
1630533,217,3.2,1.2,0.7,0.3,1.0,8.3,0.422,0.317,0.813,Ziaire Williams
1629057,236,6.8,1.4,0.7,1.6,0.9,7.2,0.723,0.143,0.671,Robert Williams III
1631246,96,4.2,2.5,0.7,0.4,1.4,7.8,0.425,0.327,0.804,Vince Williams Jr.
1629627,219,6.6,4.3,1.0,0.6,2.9,24.6,0.586,0.327,0.689,Zion Williamson
1630592,127,3.2,1.5,0.4,0.1,0.8,7.9,0.405,0.338,0.82,Jalen Wilson
1630164,194,5.7,0.7,0.2,0.7,1.2,9.3,0.56,0.247,0.688,James Wiseman
1631209,21,1.5,1.3,0.5,0.0,0.9,5.8,0.389,0.382,0.735,Isaiah Wong
1626153,773,3.0,3.1,1.2,0.4,0.9,6.8,0.442,0.343,0.795,Delon Wright
1627824,149,3.5,1.2,0.5,0.2,0.8,6.4,0.485,0.365,0.714,Guerschon Yabusele
1642443,8,0.5,1.0,0.0,0.0,0.2,1.6,0.625,0.333,1.0,Jahmir Young
1629027,488,3.5,9.8,1.0,0.2,4.2,25.2,0.432,0.351,0.873,Trae Young
1627826,648,7.9,1.3,0.4,1.0,1.2,10.1,0.612,0.083,0.733,Ivica Zubac
1641783,81,3.3,1.5,0.5,0.2,0.8,7.5,0.416,0.337,0.873,Tristan da Silva
1628427,143,1.8,0.9,0.3,0.2,0.5,3.4,0.472,0.354,0.847,Vlatko Čančar
203967,634,5.2,1.8,0.5,0.2,1.4,10.0,0.443,0.363,0.842,Dario Šarić
