,PLAYER_ID,GP,REB,AST,STL,BLK,TOV,PTS,FG_PCT,3_PCT,FT_PCT,PLAYER_NAME,Clusters,Principal Component 1,Principal Component 2
0,1630173,394,5.8,1.0,0.6,0.7,1.0,7.6,0.488,0.297,0.608,Precious Achiuwa,Interior Role Player,-0.0766815167429492,1.6905035539791529
1,203500,769,8.0,1.5,0.8,0.9,1.4,8.8,0.586,0.059,0.535,Steven Adams,Defensive Anchor Big,0.8887145452770349,3.8026145549283052
2,1628389,573,8.9,3.6,1.1,0.9,2.2,15.8,0.535,0.317,0.758,Bam Adebayo,Scoring Shot Creator,3.4253212371732906,1.175199293477403
3,1630534,286,2.8,1.2,0.6,0.5,0.8,7.2,0.44,0.336,0.713,Ochai Agbaji,3 and D Wing,-0.725518589819865,0.13530105191770128
4,1630583,242,5.3,1.9,0.6,0.6,0.9,9.8,0.458,0.344,0.684,Santi Aldama,Interior Role Player,0.20504750628969556,0.695149426527292
5,1641725,24,0.5,0.5,0.1,0.0,0.2,1.3,0.317,0.176,0.75,Trey Alexander,Energetic Role Player,-3.388969863861685,-0.5309428454279808
6,1629638,512,2.5,2.3,0.7,0.4,1.2,8.7,0.409,0.352,0.742,Nickeil Alexander-Walker,3 and D Wing,-0.08699775989025703,-0.6562311290098823
7,1628960,410,3.0,2.1,0.7,0.3,1.0,10.6,0.45,0.413,0.856,Grayson Allen,3 and D Wing,0.1900731027237152,-1.1230858440758529
8,1628386,636,9.3,1.7,0.6,1.2,1.4,12.8,0.638,0.184,0.712,Jarrett Allen,Defensive Anchor Big,1.8703950501910165,3.4739854207814878
9,1630631,232,2.2,3.1,1.2,0.2,1.1,8.1,0.41,0.348,0.755,Jose Alvarado,3 and D Wing,0.4027633486900809,-1.270613442335598
10,203937,777,4.2,2.7,1.0,0.6,1.0,6.8,0.477,0.341,0.716,Kyle Anderson,3 and D Wing,0.5538820584877069,0.2463036219638831
11,203507,864,10.0,5.0,1.1,1.2,3.0,24.0,0.551,0.285,0.693,Giannis Antetokounmpo,Scoring Shot Creator,5.2130043125456815,1.7286118154744066
12,1630175,325,4.3,3.8,0.7,0.4,1.9,12.5,0.42,0.344,0.843,Cole Anthony,3 and D Wing,1.4332442756032686,-1.0274836417226754
13,1628384,548,4.4,1.7,1.3,0.6,1.4,13.1,0.476,0.376,0.76,OG Anunoby,3 and D Wing,1.5170672324190149,-0.13438110770640344
14,1630166,365,6.2,2.8,0.8,0.4,1.7,11.5,0.463,0.339,0.755,Deni Avdija,3 and D Wing,1.3890107387560429,0.03586084365496241
15,1629028,404,10.4,1.6,0.7,1.0,1.7,16.4,0.59,0.23,0.752,Deandre Ayton,Defensive Anchor Big,2.505638225243197,2.7281320364164388
16,1630542,10,7.0,1.0,0.9,1.2,0.7,6.7,0.391,0.156,0.8,Marcus Bagley,Interior Role Player,0.29924785044940305,1.7709047228600747
17,1628963,424,6.2,0.9,0.4,0.6,1.0,11.3,0.525,0.282,0.693,Marvin Bagley III,Interior Role Player,0.11768307119332196,1.6022533807293236
18,1631116,117,1.8,0.4,0.3,0.2,0.3,3.4,0.419,0.392,0.643,Patrick Baldwin Jr.,Energetic Role Player,-2.2494693409301187,-0.09669487943215539
19,1630163,237,6.0,7.5,1.5,0.3,3.3,21.1,0.422,0.364,0.836,LaMelo Ball,Scoring Shot Creator,5.054927270856095,-2.1011816380343333
20,1628366,293,5.4,5.8,1.5,0.6,2.4,11.3,0.397,0.361,0.599,Lonzo Ball,Scoring Shot Creator,3.069323568833891,-0.5262021158941415
21,1628964,445,5.3,0.8,0.3,1.2,0.8,6.6,0.477,0.355,0.681,Mo Bamba,Interior Role Player,-0.326576485523685,1.8303058892956012
22,1631094,205,7.1,4.6,0.8,0.6,2.9,22.4,0.445,0.319,0.73,Paolo Banchero,Scoring Shot Creator,3.642185333934631,-0.09589987697000328
23,1630217,320,4.6,3.8,1.0,0.4,1.9,17.8,0.471,0.408,0.884,Desmond Bane,Scoring Shot Creator,2.4703322059815442,-1.316665547817455
24,1630625,270,2.4,2.0,0.6,0.4,1.2,7.5,0.402,0.302,0.744,Dalano Banton,3 and D Wing,-0.46549044855982796,-0.41604695316552565
25,1631230,98,3.2,0.9,0.3,0.5,0.3,4.3,0.519,0.227,0.689,Dominick Barlow,Interior Role Player,-1.6313395892140214,1.4026155368825373
26,203084,1076,4.8,1.7,0.7,0.2,1.1,14.1,0.456,0.386,0.811,Harrison Barnes,3 and D Wing,0.6017615038830656,-0.6272732633441171
27,1630567,283,7.5,5.0,1.2,1.0,2.3,17.3,0.467,0.305,0.76,Scottie Barnes,Scoring Shot Creator,3.754551393590898,0.4501154477887686
28,1629628,452,5.5,3.3,0.7,0.3,2.2,19.0,0.449,0.348,0.701,RJ Barrett,Scoring Shot Creator,2.079028421708462,-0.3288509706864542
29,1629646,113,4.3,0.8,0.4,0.9,0.8,4.3,0.631,0.231,0.648,Charles Bassey,Interior Role Player,-0.6417340644545942,2.696863830718024
30,1641734,25,0.8,0.7,0.1,0.1,0.4,3.1,0.322,0.333,0.25,Emoni Bates,Energetic Role Player,-3.2358328109926475,0.8556343680648085
31,1642419,64,2.6,0.8,0.3,0.2,0.5,7.1,0.445,0.424,0.889,Jamison Battle,Energetic Role Player,-1.2590538022084656,-1.0293945094735961
32,201587,1196,4.8,3.1,0.9,0.6,1.4,9.7,0.437,0.37,0.83,Nicolas Batum,3 and D Wing,1.19753356312945,-0.5236253794070029
33,1641878,15,3.3,3.7,1.0,0.1,2.1,7.3,0.323,0.214,0.867,Damion Baugh,3 and D Wing,0.7685878951928689,-1.6817959947793917
34,203078,804,4.0,4.3,1.1,0.4,2.4,21.5,0.464,0.376,0.822,Bradley Beal,Scoring Shot Creator,3.1002827719092383,-1.334733985639082
35,1627736,714,2.9,1.4,0.7,0.1,0.9,11.7,0.422,0.386,0.774,Malik Beasley,3 and D Wing,-0.2620073390002717,-0.9994694480255859
36,1630699,170,1.8,0.5,0.2,0.1,0.6,3.7,0.429,0.353,0.724,MarJon Beauchamp,Energetic Role Player,-2.1370407918585497,-0.34100012909597727
37,1641736,72,1.1,1.8,0.9,0.1,0.6,2.6,0.327,0.175,0.762,Reece Beekman,Energetic Role Player,-1.6345943611581872,-0.8800924810169272
38,1629048,364,4.1,1.2,0.4,1.0,0.7,5.4,0.546,0.233,0.651,Goga Bitadze,Interior Role Player,-0.6472206704564494,2.2617161171204074
39,202687,912,5.8,0.7,0.3,1.2,0.9,5.0,0.538,0.0,0.549,Bismack Biyombo,Interior Role Player,-0.8272023485573771,4.157573392938037
40,1641710,154,2.5,2.3,0.8,0.5,1.4,7.4,0.44,0.341,0.715,Anthony Black,3 and D Wing,0.11949671892587842,-0.27695396199171946
41,203992,559,3.3,3.2,1.0,0.2,1.4,13.9,0.436,0.38,0.848,Bogdan Bogdanović,3 and D Wing,1.2253383156667204,-1.4934042039184936
42,1629626,202,3.5,0.6,0.3,0.8,0.9,6.2,0.545,0.332,0.749,Bol Bol,Interior Role Player,-0.706500557296565,1.2440910347788676
43,1641737,64,4.1,0.5,0.4,1.3,1.0,5.5,0.69,0.0,0.664,Adem Bona,Interior Role Player,-0.4755736127638703,4.29877439897224
44,1626164,680,4.0,5.3,0.9,0.3,3.0,24.5,0.465,0.355,0.873,Devin Booker,Scoring Shot Creator,3.7080163587051587,-1.7673189240368758
45,1630527,147,2.2,1.2,0.7,0.2,0.8,7.5,0.412,0.328,0.781,Brandon Boston,3 and D Wing,-0.8603254451204178,-0.7407907479621054
46,1628449,412,5.1,0.5,0.5,0.9,0.5,8.8,0.487,0.336,0.779,Chris Boucher,Interior Role Player,-0.30343630228531143,1.1685515744105945
47,1631123,33,1.7,1.2,0.4,0.2,1.0,2.7,0.396,0.2,0.6,Jamaree Bouyea,Energetic Role Player,-1.9225110123898674,0.44182075161206985
48,1628396,241,4.3,0.6,0.3,0.6,0.6,4.9,0.642,0.368,0.663,Tony Bradley,Interior Role Player,-0.8331919285741544,1.8823726161171659
49,1631103,188,2.0,1.7,0.4,0.1,1.1,8.5,0.439,0.336,0.843,Malaki Branham,3 and D Wing,-0.7693023591910324,-1.0437378450188053
50,1631128,242,3.8,1.7,0.7,0.4,0.7,9.2,0.527,0.38,0.756,Christian Braun,3 and D Wing,-0.01483010010798805,0.1632327884196572
51,1641779,8,0.5,0.0,0.0,0.0,0.5,1.1,0.286,0.286,0.75,Jalen Bridges,Energetic Role Player,-3.3677928895026708,-1.0444202348455867
52,1628969,645,4.0,2.8,1.2,0.6,1.3,15.5,0.482,0.374,0.854,Mikal Bridges,Scoring Shot Creator,1.84978143495909,-0.6791940360368153
53,1628970,431,6.2,2.7,0.8,0.7,1.6,15.8,0.461,0.341,0.829,Miles Bridges,Scoring Shot Creator,1.8973856626366465,0.06203890906787645
54,1629052,233,3.9,0.8,0.5,0.3,0.6,6.6,0.419,0.337,0.694,Oshae Brissett,Energetic Role Player,-1.104364162032651,0.18278348470177724
55,1627763,463,4.1,4.7,0.8,0.2,1.7,15.3,0.463,0.388,0.874,Malcolm Brogdon,Scoring Shot Creator,1.8959288570822788,-1.5686577583368353
56,1628415,495,3.2,2.0,0.9,0.3,1.4,14.2,0.419,0.354,0.805,Dillon Brooks,3 and D Wing,0.7701680742374273,-0.9893183111256845
57,1631232,14,4.1,0.9,0.7,0.7,0.9,10.1,0.486,0.326,0.733,Keion Brooks Jr.,Interior Role Player,0.03149994323257702,0.7516207945435407
58,1628971,570,4.2,2.5,0.9,0.4,1.1,9.0,0.472,0.335,0.778,Bruce Brown,3 and D Wing,0.5596766514350606,-0.20775808126510378
59,1627759,610,5.3,2.7,1.0,0.4,2.1,19.0,0.479,0.361,0.726,Jaylen Brown,Scoring Shot Creator,2.3267736979803244,-0.24195006697068627
60,1641738,87,1.5,0.6,0.2,0.1,0.3,2.0,0.436,0.27,0.727,Kobe Brown,Energetic Role Player,-2.5794582704527804,0.009499526592791928
61,1629650,252,4.4,0.1,0.3,0.5,0.6,5.0,0.59,,0.543,Moses Brown,Interior Role Player,-1.2816299924806571,2.2528989718623342
62,1628973,493,3.2,5.0,0.7,0.1,1.7,18.3,0.489,0.388,0.824,Jalen Brunson,Scoring Shot Creator,1.8982213141317534,-1.57628137528791
63,1628418,462,5.0,0.9,0.3,0.7,0.7,8.6,0.578,0.347,0.777,Thomas Bryant,Interior Role Player,-0.262997987025535,1.3303246926922838
64,1641723,27,2.0,1.6,0.4,0.3,0.7,5.0,0.374,0.22,0.654,Kobe Bufkin,Energetic Role Player,-1.6768948764650886,0.1601134401980589
65,202692,987,3.4,2.0,0.7,0.2,1.1,10.7,0.412,0.384,0.817,Alec Burks,3 and D Wing,0.09122674659359974,-1.1054772108344442
66,1630215,208,1.6,3.1,0.6,0.2,1.2,7.4,0.45,0.346,0.821,Jared Butler,3 and D Wing,-0.21798940949682383,-1.1862395429736277
67,202710,996,5.3,4.4,1.6,0.4,1.6,18.3,0.473,0.33,0.844,Jimmy Butler III,Scoring Shot Creator,3.1166476787147324,-1.0160290062326962
68,1641824,86,3.5,1.0,0.4,0.9,1.0,9.1,0.458,0.366,0.816,Matas Buzelis,3 and D Wing,-0.19601620627360178,0.3723801430060317
69,1631288,81,2.1,0.5,0.5,0.2,0.4,4.8,0.459,0.336,0.726,Jamal Cain,Energetic Role Player,-1.6935634459124593,-0.05977954462411975
70,203484,919,3.0,1.8,1.2,0.3,1.0,11.1,0.427,0.366,0.823,Kentavious Caldwell-Pope,3 and D Wing,0.5719746540637687,-1.0807522359812782
71,1641739,154,5.3,1.8,1.2,0.6,1.3,9.6,0.452,0.361,0.738,Toumani Camara,3 and D Wing,1.143956260997404,0.1294307828469212
72,203991,669,10.5,1.0,0.7,1.4,1.1,11.9,0.617,0.0,0.545,Clint Capela,Defensive Anchor Big,1.4078014117860267,5.299669885290347
73,1642382,37,1.7,0.4,0.1,0.6,0.2,3.7,0.467,0.338,0.778,Branden Carlson,Energetic Role Player,-2.139168188800278,0.3989906307039361
74,1642267,88,4.1,4.4,0.7,0.2,1.7,9.6,0.397,0.343,0.8,Bub Carrington,3 and D Wing,0.9869486225264759,-1.2771962347944776
75,1642269,39,2.0,1.1,0.6,0.1,0.5,3.6,0.366,0.286,0.609,Devin Carter,Energetic Role Player,-1.9044608216832326,-0.1605568209609626
76,1628975,479,1.7,1.6,0.6,0.2,0.6,5.1,0.393,0.38,0.803,Jevon Carter,Energetic Role Player,-1.2165709826809636,-1.1751916375635851
77,1628976,444,8.3,2.0,0.6,0.7,1.5,11.8,0.508,0.319,0.728,Wendell Carter Jr.,Defensive Anchor Big,1.4177966582168449,1.3955317278723893
78,1630618,8,1.0,0.8,0.4,0.0,0.6,1.8,0.267,0.143,0.833,D.J. Carton,Energetic Role Player,-2.669057544413144,-1.1073542079125924
79,1627936,421,2.9,2.8,1.3,0.5,1.2,6.8,0.439,0.376,0.758,Alex Caruso,3 and D Wing,0.7813778590273747,-0.7472793371671127
80,1642264,87,3.8,4.2,1.0,0.3,2.4,15.1,0.437,0.29,0.713,Stephon Castle,Scoring Shot Creator,2.0792251064526983,-0.7247400425557097
81,1630658,68,3.8,0.9,0.3,0.3,0.7,4.0,0.476,0.125,0.78,Colin Castleton,Interior Role Player,-1.5566943885645754,1.0547993805470737
82,1630577,196,3.5,1.2,0.6,0.5,0.8,8.6,0.421,0.373,0.85,Julian Champagnie,3 and D Wing,-0.34943016724485537,-0.5272590750592014
83,1630551,128,3.9,0.8,0.7,0.4,0.6,5.8,0.478,0.356,0.743,Justin Champagnie,3 and D Wing,-0.7004618056116986,0.28023356344270656
84,1642279,7,1.1,0.3,0.0,0.1,0.3,0.7,0.4,,0.5,Ulrich Chomche,Energetic Role Player,-3.2804807930839517,0.5797335085986755
85,1642353,16,1.0,0.4,0.3,0.1,0.2,1.7,0.29,0.235,0.625,Cam Christie,Energetic Role Player,-3.1154892073984226,-0.28836898740704836
86,1631108,270,2.8,1.4,0.6,0.3,0.9,7.3,0.429,0.374,0.848,Max Christie,3 and D Wing,-0.5588904412056266,-0.869281444317776
87,1630528,152,1.8,1.5,0.7,0.2,1.2,6.5,0.451,0.273,0.737,Josh Christopher,3 and D Wing,-0.7260446348799358,-0.31226071606974815
88,1631321,57,1.1,0.7,0.2,0.1,0.4,1.9,0.452,0.184,0.545,Sidy Cissoko,Energetic Role Player,-2.8304402552686403,1.0237875137822117
89,1641740,44,1.4,0.7,0.9,0.0,0.2,4.2,0.464,0.397,0.805,Jaylen Clark,Energetic Role Player,-1.4320168481058235,-1.0835353033896482
90,1629634,307,5.5,1.3,0.7,0.8,0.7,10.2,0.606,0.266,0.698,Brandon Clarke,Interior Role Player,0.4188664524130187,2.060031483330548
91,203903,911,3.2,2.8,0.8,0.2,1.8,15.7,0.438,0.34,0.827,Jordan Clarkson,3 and D Wing,1.2093172165765755,-1.2045784834575428
92,1629651,317,7.7,1.7,0.7,1.7,1.1,10.4,0.634,0.182,0.538,Nic Claxton,Defensive Anchor Big,1.4496399866426048,4.483018062642473
93,1642270,73,8.0,1.2,0.5,1.6,1.0,6.8,0.536,0.273,0.623,Donovan Clingan,Defensive Anchor Big,0.7562680185260053,3.454230144219417
94,1641730,75,3.8,0.9,0.4,0.5,0.9,7.7,0.384,0.326,0.807,Noah Clowney,3 and D Wing,-0.7860728936667071,-0.192742808051404
95,1629599,329,1.9,1.1,0.4,0.1,0.5,6.6,0.455,0.383,0.838,Amir Coffey,Energetic Role Player,-1.3719870076826555,-0.9420075123744137
96,1642268,71,3.3,6.3,0.9,0.2,2.9,8.7,0.422,0.249,0.682,Isaiah Collier,Scoring Shot Creator,2.0294181167744942,-0.9923273767079666
97,1628381,477,8.0,1.5,0.6,1.0,1.5,16.0,0.546,0.363,0.791,John Collins,Defensive Anchor Big,1.953760070187633,1.5016028333385931
98,1641879,2,1.5,2.0,1.0,0.0,0.0,1.0,0.333,,,Yuri Collins,Energetic Role Player,-1.7775047421229908,-1.380817400012135
99,1628380,442,4.8,1.8,0.4,0.6,1.3,7.7,0.485,0.327,0.78,Zach Collins,3 and D Wing,0.0775844358792253,0.5201904229832086
100,201144,1245,2.9,5.7,1.4,0.2,1.8,13.9,0.437,0.389,0.826,Mike Conley,Scoring Shot Creator,2.4701208223954643,-2.1096418396382477
101,1626192,598,3.4,1.4,0.5,0.3,0.6,6.0,0.438,0.356,0.771,Pat Connaughton,3 and D Wing,-0.9462853617965667,-0.25870406865860107
102,1641731,124,4.5,2.6,1.1,0.8,1.7,10.4,0.427,0.309,0.728,Bilal Coulibaly,3 and D Wing,1.4032672098140273,0.19278226259680498
103,1641741,105,2.5,1.1,0.4,0.1,0.5,6.7,0.402,0.273,0.786,Ricky Council IV,Energetic Role Player,-1.567368432015748,-0.47972115213372424
104,1628470,612,3.9,1.0,0.5,0.5,0.6,5.9,0.453,0.351,0.711,Torrey Craig,Interior Role Player,-0.893231089464562,0.45642568076124
105,1642384,15,0.5,0.1,0.1,0.1,0.1,0.9,0.455,0.2,0.5,Isaiah Crawford,Energetic Role Player,-3.4735949643596182,1.2307101900424142
106,203109,1039,4.2,1.6,1.0,0.3,0.8,9.2,0.416,0.343,0.78,Jae Crowder,3 and D Wing,0.12280549767990308,-0.5127026315032273
107,1630595,214,5.4,7.4,1.0,0.6,3.8,22.1,0.445,0.337,0.849,Cade Cunningham,Scoring Shot Creator,4.962070069999555,-1.5455705172676686
108,203552,660,2.1,2.0,0.7,0.1,1.0,10.1,0.47,0.428,0.866,Seth Curry,3 and D Wing,-0.07030253099718163,-1.4903516610931473
109,201939,1033,4.7,6.4,1.5,0.3,3.1,24.8,0.471,0.423,0.912,Stephen Curry,Scoring Shot Creator,4.992659131355904,-2.4515691800948467
110,1642359,19,0.9,0.3,0.2,0.1,0.2,1.6,0.323,0.316,0.667,Pacôme Dadiet,Energetic Role Player,-3.0622388617260823,-0.5603720150532694
111,1630700,203,4.5,3.2,1.8,0.5,1.4,8.5,0.471,0.326,0.611,Dyson Daniels,Scoring Shot Creator,1.8097707564109191,0.14180470378303567
112,1642368,7,4.0,0.3,0.4,0.7,0.4,3.9,0.647,,0.833,N'Faly Dante,Interior Role Player,-0.8852599757054936,1.5908499169524735
113,203076,843,10.7,2.6,1.3,2.3,2.0,24.1,0.522,0.294,0.792,Anthony Davis,Defensive Anchor Big,5.03434751752319,3.046709932000705
114,1631098,112,1.6,0.6,0.4,0.2,0.3,3.5,0.397,0.273,0.561,Johnny Davis,Energetic Role Player,-2.396020179208556,0.46561423473310326
115,1629056,289,2.7,1.3,0.7,0.2,1.0,8.1,0.432,0.366,0.824,Terence Davis,3 and D Wing,-0.4491756041731045,-0.9165799643777666
116,1631120,38,0.8,0.9,0.2,0.1,0.5,2.0,0.4,0.306,0.6,JD Davison,Energetic Role Player,-2.641508600490395,-0.030947563998626502
117,201942,1193,4.4,4.1,1.0,0.3,2.0,21.3,0.469,0.3,0.842,DeMar DeRozan,Scoring Shot Creator,2.6094173515310946,-1.0094608405717527
118,1642484,16,1.6,2.3,0.6,0.4,0.8,4.8,0.318,0.306,0.875,RayJ Dennis,3 and D Wing,-1.014647294347148,-1.4494960040027163
119,1628978,464,4.2,2.9,1.2,0.3,1.5,10.6,0.421,0.377,0.783,Donte DiVincenzo,3 and D Wing,1.275475543398433,-1.0288384209354489
120,1631217,111,5.1,0.6,0.5,0.5,0.7,5.1,0.587,0.125,0.623,Moussa Diabaté,Interior Role Player,-0.9322414541280927,2.6375804895323007
121,1641711,121,2.8,1.4,0.7,0.1,1.1,11.0,0.415,0.354,0.853,Gradey Dick,3 and D Wing,-0.18957920975377837,-1.2418496666084713
122,1631172,113,2.1,1.0,0.3,0.2,0.6,4.2,0.422,0.291,0.727,Ousmane Dieng,Energetic Role Player,-1.846782654879409,-0.09580049965634108
123,1642265,53,1.0,2.1,0.5,0.0,1.1,4.4,0.447,0.338,0.533,Rob Dillingham,Energetic Role Player,-1.3999750242643016,-0.16840548403009503
124,203915,843,3.1,5.2,0.7,0.3,1.6,13.2,0.416,0.339,0.797,Spencer Dinwiddie,3 and D Wing,1.3401183599738449,-1.3725058949861604
125,1629029,504,8.6,8.2,1.3,0.4,3.9,28.7,0.467,0.351,0.755,Luka Dončić,Scoring Shot Creator,6.466353444001449,-1.1722242806651781
126,1629652,369,3.9,1.6,1.0,0.4,1.1,12.2,0.406,0.357,0.792,Luguentz Dort,3 and D Wing,0.5723354673062246,-0.6819066296350965
127,1630245,284,2.9,3.3,0.8,0.4,1.3,10.3,0.503,0.364,0.776,Ayo Dosunmu,3 and D Wing,0.76216292732392,-0.5152451511461213
128,1630288,96,1.4,1.6,0.5,0.2,0.4,4.5,0.461,0.358,0.742,Jeff Dowtin Jr.,Energetic Role Player,-1.5079057122647053,-0.4869483631390639
129,1628408,130,2.6,1.6,0.5,0.3,0.7,5.4,0.403,0.311,0.647,PJ Dozier,Energetic Role Player,-1.2640530660427645,0.03541009472652877
130,203083,1086,12.1,1.4,1.3,1.3,1.9,12.5,0.539,0.126,0.498,Andre Drummond,Defensive Anchor Big,2.894533514032491,4.329519217043807
131,1630537,177,2.6,1.3,0.6,0.2,0.9,7.6,0.406,0.349,0.813,Chris Duarte,3 and D Wing,-0.7630856525763691,-0.8991594654872391
132,1642505,21,1.2,0.2,0.2,0.0,0.2,1.7,0.4,0.476,1.0,Alex Ducas,Energetic Role Player,-2.395893808918885,-2.113687183238052
133,1630561,55,2.0,0.9,0.5,0.1,0.6,4.2,0.417,0.262,0.767,David Duke Jr.,Energetic Role Player,-1.7328663840475584,-0.35620102447366314
134,1627739,412,3.3,3.9,1.5,0.4,1.6,7.6,0.438,0.327,0.738,Kris Dunn,3 and D Wing,1.5108654439364673,-0.8493425740900201
135,1642346,81,3.9,0.9,0.6,0.6,0.6,7.2,0.44,0.311,0.511,Ryan Dunn,Interior Role Player,-0.9197961863151911,1.3838398940912457
136,201142,1175,7.0,4.4,1.0,1.1,3.2,27.3,0.504,0.39,0.883,Kevin Durant,Scoring Shot Creator,5.0332209344591865,-0.22935318608410854
137,1631105,212,10.2,2.1,0.6,1.0,1.8,11.7,0.653,0.0,0.701,Jalen Duren,Defensive Anchor Big,1.9301282130467157,4.134298561349534
138,1631106,166,6.3,1.3,1.4,0.7,1.2,10.3,0.467,0.356,0.737,Tari Eason,3 and D Wing,1.4790903074053874,0.5283488299799152
139,1641744,66,8.3,1.0,0.5,1.3,1.3,9.2,0.58,0.346,0.709,Zach Edey,Defensive Anchor Big,1.228388051386252,2.7119807247022036
140,1630162,384,5.3,4.2,1.3,0.6,2.9,23.9,0.447,0.365,0.804,Anthony Edwards,Scoring Shot Creator,4.065299930904027,-1.0087769269903757
141,1642399,2,0.0,0.5,0.0,0.0,0.0,0.0,,,,Jesse Edwards,Energetic Role Player,-3.3532192069365188,-0.3765159186763249
142,1642348,50,3.1,1.4,0.9,0.3,1.0,9.3,0.449,0.359,0.696,Justin Edwards,3 and D Wing,-0.0839095074065874,-0.23760660055896676
143,1630556,214,2.1,0.6,0.4,0.3,0.4,3.5,0.422,0.352,0.775,Kessler Edwards,Energetic Role Player,-1.828327333474028,-0.3360497436180495
144,1631165,159,2.2,1.4,1.2,0.6,0.7,6.6,0.479,0.427,0.794,Keon Ellis,3 and D Wing,0.11969080374678258,-0.5523215474461579
145,203954,456,11.0,3.7,0.9,1.6,3.4,27.6,0.501,0.34,0.828,Joel Embiid,Scoring Shot Creator,5.712056614258867,1.570355274907858
146,1630623,8,1.1,1.5,0.4,0.1,1.0,6.9,0.321,0.289,0.8,Tyson Etienne,Energetic Role Player,-1.4909812397805207,-1.385908271431856
147,1629234,522,4.5,1.0,0.3,0.8,0.9,5.8,0.6,0.349,0.721,Drew Eubanks,Interior Role Player,-0.3744827917080859,1.6805273431508638
148,1641787,62,3.9,1.4,0.6,0.3,0.9,7.6,0.459,0.34,0.724,Tosan Evbuomwan,3 and D Wing,-0.46545563406561286,0.07408455460137824
149,203957,355,1.9,2.2,0.4,0.2,1.2,6.1,0.437,0.344,0.763,Danté Exum,3 and D Wing,-0.8070241387090089,-0.7356778708078517
150,1628981,289,3.1,0.7,0.2,0.5,0.7,3.9,0.549,0.127,0.658,Bruno Fernando,Interior Role Player,-1.700727205957445,2.073213869770939
151,1642271,78,5.9,2.0,0.6,0.3,1.4,9.3,0.493,0.346,0.649,Kyle Filipowski,3 and D Wing,0.4576882000789558,0.6671255820858847
152,1627827,720,4.5,1.4,0.8,0.4,0.9,8.3,0.433,0.364,0.719,Dorian Finney-Smith,3 and D Wing,-0.05280651610722218,0.0023182290918968233
153,1641745,39,0.7,0.4,0.2,0.1,0.1,1.7,0.252,0.192,0.5,Adam Flagler,Energetic Role Player,-3.592287816813305,0.1601090855899869
154,1642280,6,0.7,0.0,0.0,0.0,0.2,1.8,0.364,0.0,1.0,Trentyn Flowers,Energetic Role Player,-3.4506426068420946,-0.39860904042466583
155,1630201,286,1.7,1.9,0.6,0.1,0.7,5.5,0.394,0.333,0.743,Malachi Flynn,Energetic Role Player,-1.2260774657725693,-0.9439913177431769
156,1631323,265,3.1,1.2,0.5,0.3,0.9,8.4,0.434,0.379,0.819,Simone Fontecchio,3 and D Wing,-0.5944257668387524,-0.6486745772286282
157,1628368,593,4.0,6.2,1.4,0.4,2.7,21.7,0.469,0.328,0.754,De'Aaron Fox,Scoring Shot Creator,3.9890389374952266,-1.3188998612096008
158,1642402,22,1.4,0.4,0.1,0.1,0.3,2.1,0.432,0.1,0.684,Enrique Freeman,Energetic Role Player,-3.027481431623289,0.8740595112494125
159,1628365,255,3.2,4.4,1.1,0.3,1.8,10.4,0.47,0.28,0.732,Markelle Fultz,3 and D Wing,1.459375880217085,-0.6102151553023556
160,1642277,52,1.4,0.4,0.4,0.2,0.3,2.1,0.385,0.308,0.818,Johnny Furphy,Energetic Role Player,-2.314162556217928,-0.6897509175997774
161,1629655,507,5.8,1.1,0.6,1.6,0.9,9.3,0.71,0.0,0.673,Daniel Gafford,Defensive Anchor Big,0.6427603782966588,4.806780137499825
162,1629636,382,2.7,6.7,1.2,0.1,3.0,18.9,0.453,0.388,0.867,Darius Garland,Scoring Shot Creator,3.6246713806072703,-2.651779453119125
163,1630585,16,1.8,1.2,0.5,0.3,0.5,2.6,0.333,0.333,0.556,Marcus Garrett,Energetic Role Player,-2.040716580179511,-0.07127634433680935
164,1630568,130,2.1,0.4,0.2,0.1,0.4,4.9,0.491,0.317,0.703,Luka Garza,Energetic Role Player,-2.089187108718295,0.27455460553632693
165,1641718,148,3.3,5.1,0.6,0.1,2.7,15.1,0.392,0.336,0.84,Keyonte George,Scoring Shot Creator,1.9470138785803313,-1.9745763449176994
166,1642273,74,4.5,2.6,1.0,0.8,1.6,9.5,0.394,0.341,0.734,Kyshawn George,3 and D Wing,1.1423693775426562,-0.060228283192982714
167,202331,908,6.3,3.7,1.7,0.4,2.7,20.6,0.44,0.383,0.853,Paul George,Scoring Shot Creator,4.099971151863286,-1.3655102659045697
168,201959,1100,5.7,0.9,0.5,0.9,1.0,8.4,0.516,0.261,0.712,Taj Gibson,Interior Role Player,0.06064460239621854,1.8466768635551298
169,1630581,286,7.5,6.1,0.9,0.5,2.7,14.2,0.465,0.332,0.762,Josh Giddey,Scoring Shot Creator,3.4349224648299597,-0.34107427770746357
170,1628983,469,4.8,5.1,1.4,0.8,2.3,24.6,0.501,0.353,0.862,Shai Gilgeous-Alexander,Scoring Shot Creator,4.267230774500292,-0.8608465684585558
171,1630264,233,1.7,0.5,0.2,0.2,0.3,3.3,0.512,0.298,0.753,Anthony Gill,Energetic Role Player,-2.1982436619663446,0.3403944852077257
172,1631221,64,1.9,2.2,0.7,0.2,0.6,5.7,0.44,0.418,0.795,Collin Gillespie,3 and D Wing,-0.7402470512759152,-1.1614084689676238
173,203497,835,11.7,1.4,0.7,2.1,1.6,12.6,0.656,0.0,0.641,Rudy Gobert,Defensive Anchor Big,2.6482816317161793,6.043190385826112
174,1630692,211,3.9,2.5,0.9,0.3,1.0,6.3,0.397,0.315,0.759,Jordan Goodwin,3 and D Wing,-0.01859361545734758,-0.5586439609912492
175,203932,775,6.2,2.7,0.7,0.6,1.5,13.5,0.483,0.333,0.693,Aaron Gordon,3 and D Wing,1.3767846769092258,0.6876144155378225
176,201569,996,2.3,2.7,0.8,0.4,1.8,15.1,0.431,0.372,0.81,Eric Gordon,3 and D Wing,1.1181666129341037,-1.1929402322640887
177,1641789,16,0.3,0.4,0.1,0.1,0.3,1.5,0.391,0.364,0.5,Jazian Gortman,Energetic Role Player,-3.1620472987114723,0.13763832628839898
178,203924,805,3.8,1.5,0.7,1.0,1.2,12.4,0.45,0.365,0.748,Jerami Grant,3 and D Wing,0.6773125930798014,0.49541110915778824
179,1631260,170,1.8,1.0,0.3,0.1,0.4,6.0,0.435,0.426,0.831,AJ Green,Energetic Role Player,-1.6228904269040043,-1.128689754405216
180,203110,888,6.9,5.6,1.3,1.0,2.3,8.7,0.45,0.322,0.709,Draymond Green,Scoring Shot Creator,3.160842613414974,0.382467668129807
181,1630224,307,4.3,3.4,0.8,0.3,2.4,20.1,0.422,0.342,0.799,Jalen Green,Scoring Shot Creator,2.2691980522244584,-1.1194490612405044
182,1629750,378,3.0,0.7,0.8,0.4,0.5,5.1,0.491,0.337,0.742,Javonte Green,3 and D Wing,-0.8810554045403612,0.2716822566231609
183,201145,1500,4.0,1.5,0.6,0.5,1.3,12.0,0.448,0.335,0.803,Jeff Green,3 and D Wing,0.3467801964985931,-0.14008725099416733
184,1630182,291,2.7,1.5,0.8,0.2,0.9,6.7,0.482,0.38,0.687,Josh Green,3 and D Wing,-0.4833732437691628,-0.23183208740846215
185,1629656,375,3.2,2.2,0.8,0.3,1.2,10.9,0.443,0.374,0.761,Quentin Grimes,3 and D Wing,0.3473544917790328,-0.6955716653440467
186,1631243,46,4.1,0.8,0.7,0.9,0.5,5.8,0.434,0.274,0.732,Mouhamed Gueye,Interior Role Player,-0.6440304564045316,1.0690324060236527
187,1629060,407,4.8,1.3,0.6,0.3,0.9,12.6,0.496,0.374,0.76,Rui Hachimura,3 and D Wing,0.21409121313841223,0.08884207201639875
188,1630169,410,3.7,8.7,1.5,0.6,2.2,17.1,0.476,0.395,0.853,Tyrese Haliburton,Scoring Shot Creator,4.3120338636710285,-2.030074174591218
189,1641790,22,1.2,0.2,0.0,0.3,0.1,1.8,0.607,0.3,0.75,PJ Hall,Energetic Role Player,-2.5814305531135386,1.036798580500841
190,203501,883,2.9,1.9,0.6,0.1,1.0,14.0,0.415,0.36,0.818,Tim Hardaway Jr.,3 and D Wing,-0.005006429876328199,-1.188210425183004
191,201935,1265,5.8,7.5,1.5,0.6,3.7,24.0,0.439,0.361,0.862,James Harden,Scoring Shot Creator,5.734338884035022,-1.8724488313591143
192,1630702,183,1.7,1.4,0.4,0.1,1.0,8.1,0.424,0.383,0.764,Jaden Hardy,3 and D Wing,-1.0314847604497512,-0.9919372574884028
193,1641989,12,2.0,0.8,1.0,0.1,0.2,3.2,0.317,0.276,0.5,Elijah Harkless,Energetic Role Player,-1.9681334978124359,-0.017600021564908513
194,1631199,13,1.3,0.8,0.0,0.1,0.0,2.0,0.345,0.158,1.0,Ron Harper Jr.,Energetic Role Player,-3.0265708692391184,-0.9982520041630487
195,203914,659,2.3,1.9,1.1,0.2,1.0,10.4,0.443,0.368,0.81,Gary Harris,3 and D Wing,0.277131873269014,-1.1657706662612635
196,202699,1269,6.2,2.3,0.8,0.5,1.4,16.2,0.476,0.37,0.835,Tobias Harris,Scoring Shot Creator,1.6631429613686874,-0.15478229293349413
197,1628404,665,7.1,3.3,1.1,0.3,1.5,10.6,0.479,0.343,0.753,Josh Hart,Scoring Shot Creator,1.7739388052123835,-0.007526643356700035
198,1628392,432,6.2,1.9,0.7,0.9,1.1,6.7,0.59,0.254,0.68,Isaiah Hartenstein,Interior Role Player,0.6407365900731729,2.2393532257320694
199,1630573,263,2.9,0.9,0.4,0.2,0.4,7.5,0.45,0.421,0.857,Sam Hauser,Energetic Role Player,-1.129336155083039,-0.8652628807848153
200,1641722,128,2.5,1.1,0.4,0.2,0.8,8.9,0.374,0.345,0.83,Jordan Hawkins,3 and D Wing,-1.05890771602698,-1.027440331700328
201,1629637,371,3.9,0.7,0.5,0.7,0.7,6.8,0.65,0.267,0.695,Jaxson Hayes,Interior Role Player,-0.46526387507674494,2.1179365220475015
202,1630165,216,2.9,5.2,1.2,0.4,2.0,8.1,0.383,0.281,0.777,Killian Hayes,Scoring Shot Creator,1.5954910955486783,-1.31819426876816
203,1630703,128,3.1,5.2,0.9,0.2,3.0,13.3,0.401,0.34,0.793,Scoot Henderson,Scoring Shot Creator,2.3478085602733176,-1.8237390276118481
204,1641707,49,4.6,0.7,0.7,0.7,0.7,6.9,0.437,0.366,0.78,Taylor Hendricks,3 and D Wing,-0.31435122482416294,0.3577690121176786
205,1629639,361,5.0,4.0,0.7,0.2,2.2,19.4,0.448,0.382,0.874,Tyler Herro,Scoring Shot Creator,2.3612472271059475,-1.446673052804366
206,1627741,968,4.0,2.5,0.8,0.3,1.6,14.4,0.43,0.392,0.86,Buddy Hield,3 and D Wing,1.181045671375362,-1.2237493282139962
207,1629312,218,3.1,1.1,0.7,0.4,0.6,5.4,0.449,0.374,0.605,Haywood Highsmith,Interior Role Player,-0.9566105609860435,0.4039701875958926
208,1628988,513,1.6,2.1,0.6,0.2,0.9,6.4,0.424,0.382,0.854,Aaron Holiday,3 and D Wing,-0.7039207105803448,-1.3735806058902755
209,201950,1043,4.2,6.2,1.4,0.5,2.6,15.8,0.462,0.37,0.788,Jrue Holiday,Scoring Shot Creator,3.616610967668686,-1.392345018528176
210,1641842,87,2.7,1.1,0.7,0.2,1.0,6.7,0.47,0.247,0.763,Ronald Holland II,3 and D Wing,-0.7593684834075749,0.031671634527772295
211,1626158,529,5.3,1.0,0.5,0.9,0.8,8.2,0.603,0.27,0.75,Richaun Holmes,Interior Role Player,0.09784771066056269,2.0575291419977293
212,1631096,118,8.0,2.3,0.7,2.3,1.7,16.3,0.521,0.374,0.785,Chet Holmgren,Defensive Anchor Big,3.131944701405493,2.718879546230724
213,1641720,51,1.3,1.6,0.3,0.3,0.9,4.8,0.349,0.28,0.774,Jalen Hood-Schifino,Energetic Role Player,-1.6438159152629053,-0.7663004619047471
214,201143,1143,7.8,3.2,0.8,1.1,1.4,12.9,0.509,0.376,0.763,Al Horford,Defensive Anchor Big,2.232317668951763,1.1685150944647709
215,1629659,305,2.6,2.8,0.8,0.4,1.4,9.2,0.427,0.299,0.771,Talen Horton-Tucker,3 and D Wing,0.32216825124308807,-0.5986248393991699
216,1631216,170,1.5,0.6,0.3,0.1,0.3,4.0,0.391,0.372,0.836,Caleb Houstan,Energetic Role Player,-2.1482369784583737,-1.1049090676937103
217,1641724,83,1.0,0.6,0.2,0.2,0.5,3.6,0.367,0.294,0.667,Jett Howard,Energetic Role Player,-2.509480243920194,-0.22851805640969844
218,1628989,557,3.4,2.8,0.9,0.4,1.2,11.4,0.44,0.37,0.76,Kevin Huerter,3 and D Wing,0.7279433483930907,-0.6768302520932683
219,1630643,101,1.8,0.5,0.2,0.7,0.4,5.3,0.509,0.389,0.833,Jay Huff,Energetic Role Player,-1.4708847645482042,0.23685630211986214
220,1630574,28,2.2,0.5,0.1,0.6,0.8,1.8,0.629,,0.462,Ariel Hukporti,Interior Role Player,-1.8451117787265825,2.533691086444876
221,1629631,396,4.1,1.5,0.7,0.3,1.4,15.2,0.454,0.377,0.825,De'Andre Hunter,3 and D Wing,0.7686367076928975,-0.6812540848552083
222,1630538,272,2.1,2.6,0.7,0.2,1.3,9.6,0.399,0.367,0.847,Bones Hyland,3 and D Wing,0.04555644082628397,-1.5481842274844424
223,1642345,68,3.6,1.2,0.4,0.5,0.8,4.3,0.589,0.0,0.569,Oso Ighodaro,Interior Role Player,-1.3585865438125968,3.028813536893142
224,204060,725,3.0,3.6,0.9,0.1,1.5,7.9,0.447,0.409,0.774,Joe Ingles,3 and D Wing,0.6696187818101159,-1.3911569464379574
225,1627742,502,5.2,4.3,0.7,0.6,2.6,19.5,0.469,0.364,0.788,Brandon Ingram,Scoring Shot Creator,2.889261854677079,-0.5296564745802006
226,1631127,8,1.5,0.4,0.4,0.0,0.1,1.1,0.571,0.5,,Harrison Ingram,Energetic Role Player,-2.0681530099858976,-0.4254805902010062
227,202681,839,4.1,5.6,1.3,0.5,2.5,23.9,0.476,0.392,0.889,Kyrie Irving,Scoring Shot Creator,4.089689188708,-1.7835865580900971
228,1628371,282,4.9,0.8,0.9,1.3,0.8,7.5,0.442,0.321,0.746,Jonathan Isaac,Interior Role Player,0.3582523528078171,1.3481178722493772
229,1631093,181,3.7,4.4,0.8,0.4,2.9,16.1,0.429,0.352,0.746,Jaden Ivey,Scoring Shot Creator,2.439672254327351,-1.0703387008998275
230,1641713,79,3.7,1.1,0.5,0.4,1.2,11.6,0.412,0.349,0.744,GG Jackson,3 and D Wing,-0.1750824383634945,-0.20756385615167755
231,1630543,170,4.3,0.7,0.5,1.3,0.8,7.1,0.59,0.206,0.679,Isaiah Jackson,Interior Role Player,-0.17735084969585466,2.88416284259544
232,1631245,44,1.6,1.9,0.7,0.2,0.6,6.2,0.485,0.349,0.773,Quenton Jackson,3 and D Wing,-0.8512610096039818,-0.5872899277126186
233,202704,1060,2.9,4.2,0.7,0.1,1.8,12.3,0.423,0.343,0.853,Reggie Jackson,3 and D Wing,1.0660435507377526,-1.6950935611249554
234,1641748,126,2.3,1.1,0.4,0.2,0.7,2.8,0.485,0.385,0.571,Andre Jackson Jr.,Energetic Role Player,-1.6357738118166245,0.4350816687952468
235,1628991,414,5.5,1.5,1.0,1.9,1.9,18.5,0.467,0.351,0.792,Jaren Jackson Jr.,Defensive Anchor Big,2.7985800246037478,1.5459021429448374
236,1631218,133,4.9,1.4,0.4,0.9,0.7,7.2,0.639,0.0,0.576,Trayce Jackson-Davis,Interior Role Player,-0.5867868538071731,3.9016968407974644
237,1642355,31,0.7,0.9,0.4,0.1,0.5,2.1,0.297,0.265,0.786,Bronny James,Energetic Role Player,-2.4970508006351677,-1.1960662023505202
238,2544,1562,7.5,7.4,1.5,0.7,3.5,27.0,0.506,0.349,0.737,LeBron James,Scoring Shot Creator,6.153836846797791,-0.5969778294306002
239,1631170,147,4.2,2.6,1.0,0.2,1.5,10.7,0.487,0.316,0.786,Jaime Jaquez Jr.,3 and D Wing,0.9760615355949998,-0.45961270098896106
240,1629610,142,2.1,0.8,0.4,0.3,0.5,4.5,0.415,0.312,0.796,DaQuan Jeffries,Energetic Role Player,-1.6818669813940745,-0.3535257705537385
241,1641998,127,3.8,0.7,0.3,0.7,0.9,4.2,0.552,,0.586,Trey Jemison III,Interior Role Player,-1.022776544698058,1.9091220147673393
242,1642450,11,0.2,0.8,0.4,0.0,0.5,1.9,0.4,0.3,0.5,Daniss Jenkins,Energetic Role Player,-2.7151373153473304,0.0889397080333277
243,1629660,229,2.0,2.8,0.7,0.1,1.0,8.7,0.458,0.381,0.85,Ty Jerome,3 and D Wing,-0.10215091468355983,-1.4278570353196143
244,1630198,323,2.0,1.1,0.5,0.1,0.5,7.6,0.432,0.402,0.834,Isaiah Joe,Energetic Role Player,-1.1861758516588914,-1.1554890894423617
245,1642358,62,1.9,2.5,0.4,0.1,1.1,7.1,0.383,0.267,0.865,AJ Johnson,3 and D Wing,-0.8780264685508495,-1.2636270916007721
246,1629661,387,4.0,1.9,0.9,0.3,0.9,13.1,0.455,0.392,0.85,Cameron Johnson,3 and D Wing,0.6419725730595534,-0.8877870483039241
247,1630552,190,6.4,2.6,0.9,0.6,1.4,11.3,0.508,0.318,0.719,Jalen Johnson,3 and D Wing,1.4206723091990439,0.7971532736112255
248,201949,907,3.5,2.1,0.8,0.8,1.3,7.4,0.471,0.299,0.671,James Johnson,Interior Role Player,0.305631043648516,0.7925373169773737
249,1629640,376,5.4,2.1,0.7,0.2,1.3,15.5,0.469,0.353,0.761,Keldon Johnson,3 and D Wing,0.9682416252720648,-0.24821378155429127
250,1630553,198,2.6,2.0,0.8,0.3,1.3,8.0,0.375,0.327,0.772,Keon Johnson,3 and D Wing,-0.15699804955752006,-0.9417177883054239
251,1642352,18,1.7,0.2,0.3,0.2,0.2,2.8,0.636,0.4,0.444,Keshad Johnson,Interior Role Player,-2.1935851715826313,1.7734655412335645
252,203999,750,11.0,7.2,1.3,0.7,2.9,21.7,0.56,0.358,0.824,Nikola Jokić,Scoring Shot Creator,5.853732777138955,0.18755925618678784
253,1641732,109,2.0,1.0,0.5,0.3,0.5,3.5,0.443,0.279,0.642,Colby Jones,Energetic Role Player,-1.7604266946599978,0.4318539140785471
254,1641794,54,2.2,1.1,0.3,0.1,0.5,2.5,0.383,0.254,0.607,Dillon Jones,Energetic Role Player,-2.306988362981082,0.2257718595426887
255,1630529,246,3.8,2.5,1.6,0.7,1.3,10.1,0.475,0.369,0.823,Herbert Jones,Scoring Shot Creator,1.7573519859692304,-0.5158205628076377
256,1642403,43,1.4,0.3,0.1,0.2,0.4,3.2,0.647,0.333,0.632,Isaac Jones,Energetic Role Player,-2.1668020187107557,1.3576499970147875
257,1630539,147,2.6,0.5,0.3,0.5,0.5,3.9,0.71,0.226,0.694,Kai Jones,Interior Role Player,-1.365664437819021,2.3040429461978014
258,1630222,83,1.6,1.3,0.2,0.0,0.7,4.7,0.425,0.344,0.647,Mason Jones,Energetic Role Player,-1.9810149866181017,-0.3434933893874014
259,1642461,24,0.8,0.2,0.3,0.2,0.4,1.2,0.324,0.053,1.0,Spencer Jones,Energetic Role Player,-2.864567231837811,-0.7186822870457233
260,1630200,349,2.8,4.6,0.9,0.1,1.1,8.3,0.493,0.325,0.838,Tre Jones,3 and D Wing,0.7108963642085969,-1.2109809759066867
261,1626145,689,2.0,4.4,1.0,0.1,0.8,7.6,0.445,0.376,0.821,Tyus Jones,3 and D Wing,0.3582738393715238,-1.6877606129036613
262,1627884,522,3.2,0.7,0.7,0.6,0.6,7.1,0.507,0.325,0.704,Derrick Jones Jr.,Interior Role Player,-0.64194591568056,0.8142670423499998
263,201599,1230,9.7,1.0,0.5,1.4,1.3,8.5,0.671,0.154,0.49,DeAndre Jordan,Defensive Anchor Big,1.1596929437253636,5.13862194076835
264,202709,929,2.4,2.9,0.7,0.2,1.0,6.8,0.443,0.349,0.788,Cory Joseph,3 and D Wing,-0.24069238718229016,-0.9412122950104191
265,1631107,113,3.8,2.2,0.6,0.3,1.1,8.7,0.447,0.37,0.802,Nikola Jović,3 and D Wing,0.025386529609373314,-0.5881923883912589
266,1630548,105,2.5,0.9,0.4,0.1,0.5,7.7,0.42,0.363,0.795,Johnny Juzang,Energetic Role Player,-1.3718625672485205,-0.760619773588383
267,1642530,22,0.5,0.9,0.1,0.0,0.2,1.6,0.367,0.304,0.778,Yuki Kawamura,Energetic Role Player,-2.968639930810516,-0.9540805211983112
268,1630283,22,3.5,0.5,0.1,0.3,0.4,3.1,0.636,,0.6,Kylor Kelley,Interior Role Player,-1.8003941540444919,1.945157348913098
269,1628379,526,2.8,2.2,0.5,0.1,1.0,9.7,0.461,0.445,0.886,Luke Kennard,3 and D Wing,-0.1358632291009555,-1.5076907829715496
270,1631117,201,9.3,1.2,0.5,2.4,1.1,9.5,0.681,0.266,0.545,Walker Kessler,Defensive Anchor Big,1.9088671466738454,5.651386536509178
271,1630296,48,2.5,0.6,0.5,0.5,0.5,3.9,0.446,0.292,0.595,Braxton Key,Energetic Role Player,-1.652997361852458,0.9576665484191625
272,1630557,298,2.8,1.5,0.5,0.2,0.9,11.0,0.474,0.381,0.801,Corey Kispert,3 and D Wing,-0.3540068696265925,-0.6420509872025767
273,1628467,440,4.4,1.2,0.4,0.9,0.7,6.4,0.443,0.354,0.776,Maxi Kleber,Interior Role Player,-0.48825910695216107,0.6995839882209323
274,1641752,9,1.1,0.8,0.4,0.1,0.1,1.9,0.583,0.4,0.333,Bobi Klintman,Energetic Role Player,-2.435345995036789,1.593174554371646
275,1642261,84,2.7,0.8,0.3,0.1,0.5,8.9,0.459,0.367,0.764,Dalton Knecht,Energetic Role Player,-1.3283353314086201,-0.3889674443785347
276,1628995,413,2.7,0.7,0.4,0.2,0.8,6.9,0.401,0.338,0.728,Kevin Knox II,Energetic Role Player,-1.3464173476038042,-0.34729131427637727
277,1642278,47,0.7,1.7,0.3,0.1,0.5,2.1,0.347,0.293,0.765,Tyler Kolek,Energetic Role Player,-2.2950656988021385,-1.0591189220442678
278,1631132,97,2.7,0.5,0.3,0.8,0.3,2.8,0.519,0.062,0.644,Christian Koloko,Interior Role Player,-2.0255231377863905,2.5842706425735034
279,1629723,314,4.0,1.4,0.8,0.4,0.5,4.2,0.471,0.363,0.728,John Konchar,3 and D Wing,-0.6333389575637387,0.19577979008653687
280,1628436,401,3.3,1.1,0.3,0.8,0.4,5.0,0.528,0.31,0.759,Luke Kornet,Interior Role Player,-1.0734194882123065,1.177839432248054
281,1630249,141,2.4,1.9,0.5,0.3,0.8,5.6,0.463,0.394,0.756,Vít Krejčí,3 and D Wing,-0.8085993818310235,-0.4964609367631565
282,1630228,265,4.1,1.8,0.6,0.4,1.4,12.6,0.508,0.336,0.701,Jonathan Kuminga,3 and D Wing,0.5065712745833969,0.37705416176574086
283,1628398,611,6.2,2.6,0.6,0.5,2.2,16.7,0.449,0.331,0.712,Kyle Kuzma,Scoring Shot Creator,1.8253309642514681,0.24095062829714828
284,1631222,209,3.6,2.0,0.8,0.3,1.2,7.1,0.451,0.391,0.718,Jake LaRavia,3 and D Wing,0.050542644430479254,-0.40083485918771633
285,203897,734,4.1,4.0,0.9,0.3,2.6,21.1,0.475,0.398,0.833,Zach LaVine,Scoring Shot Creator,2.913764546886935,-1.4071983379703388
286,1627746,174,4.1,0.9,0.3,0.6,0.9,6.6,0.494,0.374,0.734,Skal Labissiere,Interior Role Player,-0.6746779851756592,0.6841339125288443
287,1629111,228,3.4,1.0,0.3,0.4,0.7,5.6,0.522,0.311,0.769,Jock Landale,Interior Role Player,-1.0813672857826189,0.6085576313573038
288,1641796,61,1.8,1.3,0.6,0.1,0.5,4.9,0.451,0.345,0.696,Pelle Larsson,Energetic Role Player,-1.4525498326537574,-0.3736956183964603
289,1630639,98,1.8,0.6,0.3,0.1,0.4,4.9,0.446,0.328,0.608,A.J. Lawson,Energetic Role Player,-2.1428091411628163,0.2392117219098372
290,1627747,696,3.8,4.1,1.0,0.4,1.7,14.4,0.44,0.344,0.742,Caris LeVert,Scoring Shot Creator,1.7293814706375379,-0.7921215719432206
291,1627814,315,3.2,1.3,0.6,0.1,0.8,7.8,0.433,0.374,0.881,Damion Lee,3 and D Wing,-0.6163352045739074,-1.1232645457966095
292,203458,855,5.0,0.8,0.4,0.9,1.0,6.5,0.52,0.313,0.671,Alex Len,Interior Role Player,-0.3067719568792794,1.7785984941766795
293,202695,738,6.4,3.1,1.7,0.6,1.7,20.1,0.499,0.393,0.86,Kawhi Leonard,Scoring Shot Creator,3.557444778256712,-0.6355861718591443
294,1642502,6,0.5,0.2,0.0,0.0,0.2,0.3,0.0,0.0,0.5,Malevy Leons,Energetic Role Player,-4.751390342585152,-0.41129220302382546
295,1641721,90,1.3,0.5,0.2,0.2,0.4,2.7,0.397,0.358,0.696,Maxwell Lewis,Energetic Role Player,-2.4478597674951468,-0.34290733600574236
296,1630604,21,0.8,0.2,0.1,0.1,0.2,1.5,0.458,0.235,1.0,E.J. Liddell,Energetic Role Player,-2.742068549556558,-0.7729937552962003
297,203081,900,4.3,6.7,1.0,0.3,2.8,25.1,0.439,0.371,0.899,Damian Lillard,Scoring Shot Creator,4.140005215746905,-2.2512207062043617
298,1641726,94,7.1,1.6,0.6,1.5,1.0,8.6,0.73,0.0,0.563,Dereck Lively II,Defensive Anchor Big,0.8565992637036021,5.34893710576915
299,1641753,42,1.3,0.2,0.2,0.0,0.3,1.3,0.408,0.077,0.75,Chris Livingston,Energetic Role Player,-3.1175712519979113,0.4600568799003376
300,1626172,600,5.7,1.6,0.5,0.5,0.6,5.0,0.574,0.182,0.608,Kevon Looney,Interior Role Player,-0.6177652319526609,2.3637964772381763
301,201572,1110,6.1,1.5,0.6,1.9,1.6,15.8,0.496,0.352,0.797,Brook Lopez,Defensive Anchor Big,2.109032862816613,2.008439698677698
302,201567,1015,9.8,2.3,0.6,0.4,1.7,15.7,0.436,0.366,0.829,Kevin Love,Scoring Shot Creator,2.026391720431982,0.22466789089757871
303,200768,1311,4.1,5.8,1.2,0.3,2.2,13.3,0.424,0.367,0.815,Kyle Lowry,Scoring Shot Creator,2.66020596489689,-1.704331326930211
304,1641754,9,0.8,0.0,0.0,0.0,0.1,1.6,0.235,0.231,0.75,Seth Lundy,Energetic Role Player,-3.6982736694449354,-0.9903306504694481
305,1626168,725,4.4,1.1,0.4,0.4,0.8,7.9,0.444,0.344,0.753,Trey Lyles,3 and D Wing,-0.6556584940806396,0.2104828698173726
306,1630572,241,3.3,1.1,0.3,0.3,0.6,5.4,0.464,0.342,0.724,Sandro Mamukelashvili,Energetic Role Player,-1.3238927806129428,0.22294971421976148
307,1629611,485,3.5,1.9,0.6,0.2,0.8,8.1,0.503,0.371,0.771,Terance Mann,3 and D Wing,-0.31248794944308994,-0.263348458940552
308,1630544,229,3.0,2.6,0.9,0.1,1.3,9.4,0.415,0.35,0.786,Tre Mann,3 and D Wing,0.28822511709781135,-1.205612841779151
309,1628374,456,7.1,1.5,0.7,0.5,1.4,18.4,0.456,0.371,0.867,Lauri Markkanen,Scoring Shot Creator,1.6713349358258427,-0.09577012776001291
310,1630230,305,3.8,2.2,0.8,0.2,1.2,8.8,0.455,0.301,0.79,Naji Marshall,3 and D Wing,0.1705997106568146,-0.44044977307914474
311,1628997,361,3.9,1.7,0.9,0.4,1.0,8.2,0.444,0.357,0.715,Caleb Martin,3 and D Wing,0.09726959901214409,-0.09956735725100681
312,1628998,312,3.8,2.2,1.0,0.4,0.9,6.3,0.433,0.303,0.668,Cody Martin,3 and D Wing,-0.03880746920138217,0.1433402364073208
313,1641798,32,2.8,1.1,0.6,0.0,0.8,4.9,0.419,0.304,0.9,Jaylen Martin,3 and D Wing,-1.1270810835111378,-1.1045312154460087
314,1630231,412,3.6,1.1,0.4,0.4,0.7,7.6,0.545,0.321,0.673,KJ Martin,Interior Role Player,-0.7875070705648509,1.0011714687081934
315,1631213,82,3.0,1.7,0.5,0.1,1.0,7.1,0.4,0.342,0.81,Tyrese Martin,3 and D Wing,-0.7699840864913513,-0.9727037676324508
316,1629726,368,1.7,0.7,0.5,0.2,0.4,6.2,0.4,0.378,0.845,Garrison Mathews,Energetic Role Player,-1.5352234155287503,-1.1004014304668652
317,1631097,211,4.5,1.8,0.6,0.2,1.8,16.0,0.447,0.344,0.829,Bennedict Mathurin,3 and D Wing,0.9978886547087401,-0.7278690495659205
318,1631255,46,4.6,1.0,0.5,0.9,0.9,7.2,0.573,0.313,0.739,Karlo Matković,Interior Role Player,-0.04647532063016643,1.6564279321430488
319,1630178,324,3.0,4.5,0.9,0.3,1.4,19.8,0.461,0.383,0.867,Tyrese Maxey,Scoring Shot Creator,1.9973761965589134,-1.6368227207259518
320,1630540,240,1.5,1.8,0.7,0.1,0.4,6.4,0.404,0.362,0.782,Miles McBride,Energetic Role Player,-1.1884621920216483,-1.185263717191413
321,1642272,23,2.4,2.6,0.7,0.0,1.6,15.3,0.46,0.383,0.875,Jared McCain,3 and D Wing,0.7922495339359009,-1.7197089256088711
322,1630644,10,2.1,1.5,0.7,0.3,1.1,6.0,0.431,0.296,0.727,Mac McClung,3 and D Wing,-0.7387866806535929,-0.27465033451715176
323,203468,855,3.7,3.9,0.9,0.4,1.8,19.7,0.453,0.396,0.79,CJ McCollum,Scoring Shot Creator,2.1854150125689387,-1.1538158587813225
324,204456,706,2.9,5.0,1.2,0.2,1.6,7.6,0.516,0.345,0.778,T.J. McConnell,3 and D Wing,1.4842279264922695,-1.0412392179407037
325,1641755,4,2.0,0.5,0.2,0.2,0.0,1.5,0.286,0.0,1.0,Kevin McCullar Jr.,Energetic Role Player,-3.072942633803133,-0.4565359763881811
326,1630183,372,4.2,1.5,0.9,0.8,1.1,10.5,0.483,0.35,0.755,Jaden McDaniels,3 and D Wing,0.6831454507643926,0.49196048430138556
327,1629667,332,3.5,1.3,0.7,0.4,0.9,7.4,0.451,0.325,0.796,Jalen McDaniels,3 and D Wing,-0.36670508947529507,-0.1487710534841808
328,203926,908,2.1,1.0,0.2,0.1,0.6,8.3,0.466,0.409,0.802,Doug McDermott,Energetic Role Player,-1.3667591881897376,-0.7645485715724594
329,1631121,121,1.6,0.9,0.3,0.1,0.6,4.7,0.413,0.321,0.771,Bryce McGowens,Energetic Role Player,-1.9047604600904706,-0.6254069745185156
330,1629162,340,1.3,2.6,0.7,0.1,0.6,3.8,0.442,0.375,0.75,Jordan McLaughlin,3 and D Wing,-1.0487736807265744,-1.06912283243815
331,1629098,9,0.6,0.1,0.0,0.2,0.2,1.6,0.294,0.308,,Jack McVeigh,Energetic Role Player,-3.308420588858912,-0.8223282559247542
332,1629001,356,3.7,2.8,1.4,0.5,1.4,9.1,0.41,0.369,0.779,De'Anthony Melton,3 and D Wing,1.2887797275059887,-0.9089449887440678
333,1630241,177,1.9,1.4,0.5,0.1,0.4,6.8,0.41,0.392,0.934,Sam Merrill,3 and D Wing,-1.2112558054532596,-1.6466348558172703
334,203995,202,1.8,3.9,0.5,0.1,1.7,6.8,0.395,0.315,0.819,Vasilije Micic,3 and D Wing,-0.04374647377108667,-1.56948963410528
335,203114,819,4.7,3.9,1.2,0.2,2.1,16.4,0.461,0.386,0.876,Khris Middleton,Scoring Shot Creator,2.571278461552111,-1.571235326787869
336,1641706,103,4.3,2.7,0.9,0.6,2.0,18.2,0.428,0.364,0.832,Brandon Miller,Scoring Shot Creator,2.0526308416126438,-0.7856736753685932
337,1641801,6,1.3,0.3,0.2,0.0,0.0,1.7,0.5,0.0,1.0,Emanuel Miller,Energetic Role Player,-2.9246858583297164,0.3063924789608792
338,1641757,45,1.4,0.8,0.4,0.1,0.6,3.7,0.441,0.225,0.811,Jordan Miller,Energetic Role Player,-1.9674526221474784,-0.2963027201025715
339,1631159,32,1.0,0.2,0.1,0.1,0.1,1.6,0.556,0.2,0.9,Leonard Miller,Energetic Role Player,-2.7200194938938087,0.29237186754460764
340,201988,982,1.6,2.1,0.6,0.1,0.9,8.4,0.421,0.382,0.86,Patty Mills,3 and D Wing,-0.6000755306024055,-1.5619466510562068
341,1629003,464,2.1,2.2,0.4,0.2,0.9,7.4,0.448,0.353,0.821,Shake Milton,3 and D Wing,-0.7641873758604136,-0.8794165363664648
342,1631303,57,1.4,0.6,0.3,0.3,0.3,1.7,0.314,0.239,0.417,Justin Minaya,Energetic Role Player,-2.9756053395638076,0.8712675083026525
343,1642434,4,1.0,0.2,0.2,0.0,0.0,2.2,0.571,0.25,,Riley Minix,Energetic Role Player,-2.730856160241567,0.5797934726432363
344,1631169,99,1.3,0.4,0.3,0.3,0.2,2.7,0.475,0.329,0.87,Josh Minott,Energetic Role Player,-2.1435143706175914,-0.36364554798352783
345,1642274,78,8.1,1.4,0.5,1.3,1.2,9.0,0.553,0.0,0.618,Yves Missi,Defensive Anchor Big,0.6109284215524924,4.203683682411776
346,1642349,43,2.2,2.1,0.8,0.1,0.9,8.3,0.477,0.355,0.871,Ajay Mitchell,3 and D Wing,-0.20501112172385585,-1.1811532465250751
347,1630558,381,1.9,3.7,0.7,0.2,1.3,7.7,0.447,0.355,0.689,Davion Mitchell,3 and D Wing,0.0542719439487189,-0.8357109279614215
348,1628378,545,4.3,4.7,1.4,0.3,2.7,24.8,0.45,0.367,0.839,Donovan Mitchell,Scoring Shot Creator,3.9555978220774413,-1.7707851172143472
349,1630596,276,8.9,3.0,0.9,1.6,1.9,16.5,0.545,0.315,0.694,Evan Mobley,Defensive Anchor Big,3.2852836627135042,2.518018034701261
350,1630600,23,1.5,0.6,0.3,0.2,0.1,2.6,0.407,0.333,0.714,Isaiah Mobley,Energetic Role Player,-2.469271838894201,-0.23865594935097326
351,1642367,68,4.7,2.2,0.8,0.5,1.0,5.8,0.44,0.243,0.732,Jonathan Mogbo,3 and D Wing,-0.038624479022599405,0.5195877083943908
352,1628370,528,2.6,3.2,0.6,0.3,1.6,12.4,0.435,0.352,0.848,Malik Monk,3 and D Wing,0.6870329185314813,-1.240855675020115
353,1630541,260,2.2,0.9,0.5,0.3,0.6,7.0,0.447,0.369,0.775,Moses Moody,Energetic Role Player,-1.1472782873625575,-0.42285708118995147
354,1631386,6,2.7,1.0,0.7,0.0,0.8,4.0,0.345,0.182,0.5,Taze Moore,Energetic Role Player,-1.8320289199481177,0.48793837692281516
355,1631111,126,1.7,0.9,0.4,0.1,0.5,2.9,0.463,0.286,0.816,Wendell Moore Jr.,Energetic Role Player,-1.8909275378571213,-0.38190478814524303
356,1629630,313,4.7,7.4,1.0,0.3,3.4,22.6,0.468,0.312,0.77,Ja Morant,Scoring Shot Creator,4.398433430150304,-1.4649914913099327
357,202693,1021,4.7,1.5,0.7,0.5,1.4,9.9,0.439,0.343,0.776,Markieff Morris,3 and D Wing,0.43077883571563547,-0.014243179725956144
358,1628420,453,2.3,3.5,0.7,0.2,0.7,9.1,0.471,0.389,0.821,Monté Morris,3 and D Wing,0.03390064090936688,-1.187134747540609
359,1630530,257,3.9,1.9,0.9,0.5,0.8,13.8,0.452,0.382,0.875,Trey Murphy III,3 and D Wing,0.7425826760478342,-0.7325718422398205
360,1627749,503,5.8,5.4,1.5,0.3,2.1,15.5,0.453,0.34,0.79,Dejounte Murray,Scoring Shot Creator,3.282793670566045,-1.1314460043391283
361,1627750,541,3.8,4.7,1.0,0.4,2.0,18.0,0.456,0.382,0.871,Jamal Murray,Scoring Shot Creator,2.5661785558323627,-1.5381662626429844
362,1631099,233,5.6,1.4,0.9,0.7,0.8,13.3,0.451,0.372,0.812,Keegan Murray,3 and D Wing,0.893484580135483,0.16102556881007077
363,1631200,136,3.1,1.1,0.7,0.3,0.8,5.1,0.41,0.253,0.564,Kris Murray,Interior Role Player,-1.1936651506191234,0.6950280108715229
364,1629004,477,1.8,1.4,0.6,0.1,0.9,6.5,0.403,0.357,0.747,Svi Mykhailiuk,3 and D Wing,-1.076344426746303,-0.9536542429052296
365,1631250,34,1.3,0.6,0.1,0.1,0.3,2.3,0.414,0.388,0.333,Pete Nance,Energetic Role Player,-2.9725564893160765,0.9226936278206749
366,1626204,665,6.1,1.8,1.1,0.5,0.9,7.7,0.54,0.346,0.691,Larry Nance Jr.,Interior Role Player,0.8064603381821843,0.9559035746584915
367,1629614,209,2.7,4.6,1.0,0.1,1.6,9.5,0.463,0.334,0.798,Andrew Nembhard,3 and D Wing,1.1273483311084576,-1.3891115072810252
368,1630174,294,3.3,1.1,0.6,0.4,0.8,9.0,0.458,0.384,0.821,Aaron Nesmith,3 and D Wing,-0.3754813619341481,-0.4163415666947981
369,1641803,16,0.5,0.2,0.1,0.0,0.2,0.4,0.125,0.0,1.0,Tristen Newton,Energetic Role Player,-3.8965414007239825,-1.7053475989690272
370,1627777,623,2.6,1.0,0.3,0.1,0.7,7.8,0.447,0.4,0.842,Georges Niang,Energetic Role Player,-1.161667553505948,-0.9353381135258686
371,1630227,99,1.4,1.8,0.5,0.1,1.2,3.3,0.356,0.288,0.595,Daishen Nix,Energetic Role Player,-1.560006934684075,-0.4320613511690521
372,1630192,254,2.2,0.4,0.3,0.5,0.4,4.2,0.509,0.359,0.656,Zeke Nnaji,Energetic Role Player,-1.7403250948855762,0.8491915181861857
373,1641936,3,3.0,0.0,0.7,0.3,0.0,2.3,0.222,0.286,0.5,Miles Norris,Energetic Role Player,-2.588813300073669,0.15034392460440235
374,1629669,218,2.2,1.8,0.5,0.2,0.7,8.7,0.442,0.311,0.791,Jaylen Nowell,3 and D Wing,-0.8527123730755923,-0.5810835547699814
375,203994,712,8.6,2.4,0.9,1.1,2.1,11.4,0.5,0.285,0.658,Jusuf Nurkić,Defensive Anchor Big,2.342731526248943,2.034673158559943
376,1626220,686,4.8,2.4,0.8,0.4,1.0,7.2,0.422,0.384,0.761,Royce O'Neale,3 and D Wing,0.26606411853747947,-0.3947204733041081
377,1626143,276,4.5,0.9,0.3,0.8,1.3,9.9,0.543,0.226,0.679,Jahlil Okafor,Interior Role Player,-0.13632907524461862,1.9338076955155876
378,1629643,207,3.9,1.5,0.9,0.4,0.6,6.3,0.391,0.323,0.784,Chuma Okeke,3 and D Wing,-0.4340312033573353,-0.3842418780687268
379,1629006,461,2.9,1.1,1.0,0.4,0.8,6.5,0.412,0.308,0.748,Josh Okogie,3 and D Wing,-0.4610547613594396,-0.25884755188938163
380,1630168,314,6.7,1.3,0.7,1.1,0.9,9.7,0.611,0.328,0.75,Onyeka Okongwu,Defensive Anchor Big,1.0172702384839793,2.1922958672031485
381,1630171,340,2.8,1.6,0.8,0.4,0.8,8.1,0.465,0.35,0.731,Isaac Okoro,3 and D Wing,-0.30351358471518874,-0.13304598758445582
382,1642439,2,0.0,0.5,0.0,0.0,0.5,1.5,0.2,0.2,,Quincy Olivari,Energetic Role Player,-3.5717229294481436,-1.3229039567606684
383,203482,992,5.3,2.7,0.8,0.5,1.7,10.3,0.491,0.369,0.8,Kelly Olynyk,3 and D Wing,1.3170667629547268,-0.11138942320617667
384,1626162,730,4.7,1.1,1.1,0.5,1.1,13.5,0.44,0.325,0.754,Kelly Oubre Jr.,3 and D Wing,0.8378883241018843,0.04211707532370143
385,101108,1359,4.4,9.2,2.0,0.2,2.3,16.9,0.469,0.37,0.871,Chris Paul,Scoring Shot Creator,4.890879895416016,-2.674347806370212
386,1626166,626,1.9,3.0,0.6,0.2,1.1,7.5,0.417,0.366,0.834,Cameron Payne,3 and D Wing,-0.2718170083689436,-1.4038883654093754
387,203901,611,4.0,5.9,1.2,0.3,2.2,9.8,0.447,0.29,0.626,Elfrid Payton,Scoring Shot Creator,2.1394883603110695,-0.546665291125218
388,1627780,322,2.8,1.1,0.9,0.3,0.6,5.2,0.549,0.339,0.619,Gary Payton II,Interior Role Player,-0.6976991288101936,0.7560488606446861
389,1641809,28,1.5,0.5,0.2,0.1,0.3,2.3,0.447,0.421,0.778,Drew Peterson,Energetic Role Player,-2.3057361712806257,-0.7124726749022243
390,1641763,124,1.7,0.4,0.4,0.2,0.3,3.7,0.437,0.321,0.768,Julian Phillips,Energetic Role Player,-2.067230971106579,-0.2576527112202766
391,1629618,79,1.1,1.7,0.3,0.1,0.4,3.2,0.432,0.385,0.769,Jalen Pickett,Energetic Role Player,-1.9111011411702512,-0.9363839742931946
392,1630590,106,3.1,4.2,1.3,0.4,1.8,10.0,0.481,0.401,0.715,Scotty Pippen Jr.,Scoring Shot Creator,1.808490812073599,-0.903041658228377
393,1631342,6,1.8,0.3,0.0,0.0,0.7,7.2,0.64,0.529,1.0,Daeqwon Plowden,Energetic Role Player,-1.206195603313219,-1.0801204846597694
394,203486,1023,6.9,2.5,0.7,0.8,1.4,8.4,0.596,0.035,0.583,Mason Plumlee,Defensive Anchor Big,0.7916835122488266,3.3428649269585398
395,1641764,145,5.4,3.5,1.0,0.2,1.2,10.4,0.451,0.378,0.697,Brandin Podziemski,3 and D Wing,1.1125871059795505,-0.4411550754379031
396,1627751,671,7.2,1.9,0.7,1.3,1.3,9.3,0.63,0.375,0.559,Jakob Poeltl,Defensive Anchor Big,1.4917094083641713,3.0121167743635873
397,1629673,418,2.7,3.8,0.9,0.3,2.3,16.9,0.421,0.345,0.881,Jordan Poole,Scoring Shot Creator,1.9814192466132772,-1.7631975186196027
398,1641854,109,1.8,1.9,0.4,0.3,0.8,4.7,0.515,0.411,0.705,Craig Porter Jr.,Energetic Role Player,-1.0179635252419972,-0.15622676079005393
399,1629645,347,4.0,4.3,1.1,0.3,2.4,13.1,0.437,0.347,0.741,Kevin Porter Jr.,Scoring Shot Creator,2.190354784124794,-1.045010022657002
400,1629008,351,6.4,1.4,0.6,0.6,1.2,16.3,0.499,0.405,0.794,Michael Porter Jr.,3 and D Wing,1.241643351000673,0.3781349848477968
401,1626171,710,7.2,1.3,0.6,0.4,1.1,12.1,0.475,0.384,0.768,Bobby Portis,3 and D Wing,0.7281620520944699,0.4272957972764769
402,204001,557,7.8,1.9,0.7,1.8,1.7,19.7,0.461,0.361,0.833,Kristaps Porziņģis,Defensive Anchor Big,2.89738607713618,1.657772098110628
403,1642366,49,3.5,1.2,0.3,0.4,0.8,7.5,0.445,0.399,0.778,Quinten Post,3 and D Wing,-0.8207152486863786,-0.22359913621927918
404,1630695,64,3.6,0.6,0.3,0.3,0.6,3.9,0.453,0.344,0.833,Micah Potter,Energetic Role Player,-1.4322300216418227,-0.10096143863820223
405,203939,739,4.1,1.0,0.6,0.4,0.7,6.6,0.601,0.293,0.738,Dwight Powell,Interior Role Player,-0.4546282616384703,1.1933526548864646
406,1626181,734,2.8,1.6,0.9,0.3,1.3,14.1,0.471,0.402,0.829,Norman Powell,3 and D Wing,0.7234117214009134,-0.994740932127717
407,1627752,629,3.6,1.7,0.8,0.4,1.4,9.8,0.427,0.386,0.815,Taurean Prince,3 and D Wing,0.4193092673879178,-0.7716456279522476
408,1630202,354,2.8,2.6,0.5,0.1,0.8,9.2,0.452,0.393,0.851,Payton Pritchard,3 and D Wing,-0.3220153286923778,-1.244483465562359
409,1641765,97,2.2,0.6,0.4,0.1,0.3,3.6,0.405,0.253,0.69,Olivier-Maxence Prosper,Energetic Role Player,-2.232241418251866,0.07889177682366848
410,1642389,3,0.0,0.0,0.0,0.0,0.0,0.0,0.0,,,Zyon Pullin,Energetic Role Player,-4.358701532487824,-2.6341854479976123
411,1630243,62,1.7,1.1,0.7,0.3,0.7,4.1,0.372,0.271,0.857,Trevelin Queen,Energetic Role Player,-1.3245371426346717,-0.8943462452829557
412,1629674,117,3.9,0.7,0.3,0.7,0.6,4.9,0.628,0.0,0.713,Neemias Queta,Interior Role Player,-1.286909570649471,3.109657888315983
413,1630193,399,3.5,4.0,0.7,0.1,1.3,14.5,0.423,0.377,0.855,Immanuel Quickley,3 and D Wing,1.0302176032802655,-1.66773364381328
414,1631311,67,1.7,1.3,0.2,0.1,0.7,5.2,0.397,0.333,0.754,Lester Quinones,Energetic Role Player,-1.828895804644461,-0.7189675157411957
415,203944,716,9.1,3.8,0.7,0.4,2.8,19.1,0.472,0.336,0.754,Julius Randle,Scoring Shot Creator,3.309999436183808,0.21718744396451176
416,1641871,118,2.9,0.8,0.4,0.4,0.6,7.0,0.45,0.35,0.774,Duop Reath,Energetic Role Player,-1.1317520235261627,-0.033707392934735014
417,1630559,287,3.8,4.4,0.8,0.3,1.8,14.9,0.481,0.368,0.866,Austin Reaves,Scoring Shot Creator,1.8597893549973623,-1.2590591829587328
418,1629629,343,2.5,1.2,1.0,0.3,1.1,8.8,0.405,0.326,0.838,Cam Reddish,3 and D Wing,-0.0879294745148578,-0.9867602373821629
419,1630194,264,3.9,0.8,0.7,0.7,0.6,4.9,0.549,0.315,0.705,Paul Reed,Interior Role Player,-0.5540405871845497,1.3235625925377736
420,1642024,30,3.1,0.3,0.7,0.7,0.4,5.1,0.481,0.366,0.75,Alex Reese,Interior Role Player,-0.9354229784063327,0.567825417856448
421,1641810,44,1.4,0.9,0.5,0.1,0.7,6.9,0.456,0.395,0.8,Antonio Reeves,Energetic Role Player,-1.2636419629840272,-0.9646421917517249
422,1629675,412,4.9,1.3,0.6,0.9,1.2,11.6,0.486,0.372,0.725,Naz Reid,Interior Role Player,0.6284981755447471,0.8909581458801211
423,1631197,59,2.6,0.8,0.5,0.3,0.5,6.2,0.472,0.318,0.859,Jared Rhoden,Energetic Role Player,-1.170950033786943,-0.301326058391032
424,1630208,321,6.3,0.6,0.2,0.9,1.0,7.6,0.627,0.143,0.743,Nick Richards,Interior Role Player,-0.22879878427621053,3.040789187784188
425,1626196,684,3.0,2.6,1.0,0.5,1.3,11.3,0.429,0.368,0.851,Josh Richardson,3 and D Wing,0.9021687810696633,-1.0375383856278866
426,1642258,80,3.4,1.2,0.7,0.5,1.2,12.4,0.456,0.353,0.712,Zaccharie Risacher,3 and D Wing,0.20532852755867215,0.0874695215238934
427,1641857,13,0.9,0.2,0.2,0.2,0.5,0.7,0.25,0.0,0.5,Liam Robbins,Energetic Role Player,-3.6463556677890177,1.0556887272558488
428,1629130,429,2.6,1.8,0.5,0.2,1.0,11.3,0.434,0.397,0.873,Duncan Robinson,3 and D Wing,-0.20994730922870186,-1.2826567848864054
429,1629011,339,7.8,0.6,0.9,1.8,0.7,7.8,0.698,,0.522,Mitchell Robinson,Defensive Anchor Big,1.3004607311263885,4.671993964228824
430,1631115,156,4.2,1.4,0.3,0.3,0.8,5.3,0.461,0.336,0.76,Orlando Robinson,Energetic Role Player,-0.9645761883712034,0.17786549234403398
431,1630526,198,4.3,1.0,0.5,0.2,0.6,6.0,0.44,0.342,0.796,Jeremiah Robinson-Earl,3 and D Wing,-0.9479694278621187,-0.18935395156535115
432,1631223,266,2.9,1.1,0.4,0.2,0.8,6.1,0.419,0.301,0.692,David Roddy,Energetic Role Player,-1.3291517245374682,0.010971554836040679
433,1631157,100,1.7,1.7,0.8,0.2,1.0,5.7,0.494,0.419,0.814,Ryan Rollins,3 and D Wing,-0.41457067376193146,-1.0083738133168387
434,1642050,6,1.8,0.7,0.7,0.0,0.2,3.7,0.471,0.3,0.5,Jackson Rowe,Energetic Role Player,-2.0481110749130216,0.6438108812456876
435,1626179,726,3.9,3.7,0.9,0.3,1.4,14.4,0.421,0.361,0.834,Terry Rozier,3 and D Wing,1.3674500774119418,-1.2665689214193248
436,1641712,95,1.8,0.9,0.3,0.1,0.7,3.3,0.37,0.321,0.764,Rayan Rupert,Energetic Role Player,-2.013511145012381,-0.7767763905436389
437,1626156,809,3.3,5.7,1.0,0.3,2.6,17.3,0.428,0.364,0.801,D'Angelo Russell,Scoring Shot Creator,2.843647881137928,-1.7793931988232734
438,1630346,116,0.9,0.5,0.2,0.0,0.3,3.7,0.384,0.396,0.875,Matt Ryan,Energetic Role Player,-2.407781606603681,-1.5488054114183354
439,1627734,713,10.8,4.9,0.8,0.5,2.6,16.3,0.561,0.341,0.73,Domantas Sabonis,Scoring Shot Creator,3.8360042058662804,1.015706920979468
440,1642275,67,4.6,1.2,0.5,0.2,0.9,5.6,0.332,0.286,0.71,Tidjane Salaün,Energetic Role Player,-1.0642723371209168,-0.2092093895622964
441,1641766,13,3.2,0.1,0.1,0.0,0.5,3.4,0.529,,0.667,Adama Sanogo,Energetic Role Player,-2.178290191272324,0.7763456152871905
442,1630611,85,2.7,1.1,0.4,0.1,0.6,3.8,0.473,0.343,0.763,Gui Santos,Energetic Role Player,-1.4994921312983667,-0.24059799826558365
443,1642259,73,6.7,2.5,0.7,1.6,1.8,13.3,0.406,0.313,0.689,Alex Sarr,Defensive Anchor Big,1.9817564023155627,1.6694055192633597
444,1631204,128,1.5,2.9,0.6,0.1,1.1,7.5,0.441,0.378,0.863,Marcus Sasser,3 and D Wing,-0.32931154563216414,-1.6117896232006843
445,1631248,37,2.2,0.9,0.5,0.1,0.3,3.6,0.38,0.341,0.769,Baylor Scheierman,Energetic Role Player,-1.8979214890078333,-0.781297333418364
446,203471,1068,2.9,5.0,0.8,0.1,2.2,13.9,0.43,0.345,0.838,Dennis Schröder,Scoring Shot Creator,1.7559713316646148,-1.8522948704394173
447,1630578,291,8.5,4.1,1.0,0.9,2.4,16.1,0.517,0.283,0.703,Alperen Sengun,Scoring Shot Creator,3.3871195154404923,1.284412773905228
448,1641729,109,3.0,1.6,0.6,0.1,1.5,9.8,0.441,0.389,0.897,Brice Sensabaugh,3 and D Wing,0.07287048129240456,-1.4081380510927037
449,1629012,414,2.8,3.7,0.8,0.1,2.3,18.8,0.471,0.388,0.838,Collin Sexton,Scoring Shot Creator,2.0104307264130585,-1.7118451140429538
450,1629013,483,1.7,1.5,0.5,0.1,0.6,8.4,0.416,0.392,0.829,Landry Shamet,3 and D Wing,-1.0576556373231445,-1.319382968369972
451,1630545,38,1.7,1.0,0.3,0.1,0.6,4.3,0.453,0.366,0.808,Terrence Shannon Jr.,Energetic Role Player,-1.7216681518734822,-0.7309452383898608
452,1630549,197,5.6,1.2,0.5,0.7,1.1,6.5,0.553,0.294,0.649,Day'Ron Sharpe,Interior Role Player,-0.03589991739914527,1.8549186340490122
453,1631101,190,3.9,2.1,0.7,0.3,1.7,14.4,0.444,0.328,0.786,Shaedon Sharpe,3 and D Wing,0.883279430402307,-0.5485480867621235
454,1642347,82,1.6,4.3,0.7,0.1,1.5,7.1,0.409,0.335,0.778,Jamal Shead,3 and D Wing,0.1600113492259444,-1.5728753313739219
455,1641767,126,2.4,1.2,0.6,0.1,0.3,5.0,0.399,0.318,0.862,Ben Sheppard,Energetic Role Player,-1.4678765839455856,-1.0174448469514947
456,1642263,57,1.6,1.6,0.7,0.3,0.8,4.9,0.358,0.355,0.81,Reed Sheppard,3 and D Wing,-1.0498153956764193,-1.2412499103708736
457,1627783,715,6.7,3.7,0.9,0.6,1.8,18.5,0.503,0.341,0.755,Pascal Siakam,Scoring Shot Creator,2.632365838484385,0.26054866295063656
458,1627732,434,7.1,7.0,1.4,0.6,2.9,12.2,0.556,0.139,0.595,Ben Simmons,Scoring Shot Creator,3.922576438624484,1.241856541397453
459,1629014,396,2.5,3.2,0.5,0.1,1.6,15.0,0.43,0.381,0.879,Anfernee Simons,3 and D Wing,0.7133457828427181,-1.757100438539344
460,1642354,37,3.1,3.1,0.9,0.2,1.6,7.8,0.346,0.256,0.827,KJ Simpson,3 and D Wing,0.3251472598345089,-1.3005886472400454
461,1631301,6,1.0,2.0,0.5,0.2,1.3,7.0,0.429,0.4,0.8,Jaylen Sims,3 and D Wing,-0.6613960442051867,-1.3271064488829485
462,1630579,247,3.9,0.6,0.2,0.4,0.5,2.3,0.699,0.0,0.598,Jericho Sims,Interior Role Player,-1.8474058521706709,3.6550069899765325
463,203935,674,3.4,4.5,1.5,0.4,1.9,10.5,0.389,0.325,0.775,Marcus Smart,Scoring Shot Creator,2.0371957945972166,-1.3937981125166803
464,1630696,59,1.8,1.8,1.0,0.3,0.6,4.2,0.453,0.39,0.85,Dru Smith,3 and D Wing,-0.5439944124459019,-1.1183509103791844
465,1630188,328,5.4,0.8,0.3,0.7,0.8,8.6,0.504,0.331,0.753,Jalen Smith,Interior Role Player,-0.3487999690905723,1.1770663415979863
466,1642449,2,6.0,0.0,0.5,0.0,1.5,12.5,0.692,,0.7,Tolu Smith,Interior Role Player,0.4022967954141325,1.5620990055446125
467,1641890,23,1.1,0.2,0.1,0.2,0.3,2.9,0.48,0.433,0.75,Tyler Smith,Energetic Role Player,-2.398255751333473,-0.3575489783053142
468,1631095,217,7.4,1.3,0.6,0.8,1.2,13.0,0.432,0.34,0.807,Jabari Smith Jr.,3 and D Wing,1.0254063044477684,0.7211757911806804
469,1641733,113,1.8,1.8,0.2,0.1,1.1,8.0,0.389,0.367,0.906,Nick Smith Jr.,3 and D Wing,-1.0326112403869443,-1.6275480840994863
470,1631110,184,6.1,2.8,0.8,0.5,1.7,11.4,0.468,0.29,0.725,Jeremy Sochan,3 and D Wing,1.337103660044724,0.4729640989927919
471,1642285,32,1.4,1.8,0.5,0.0,0.4,4.9,0.4,0.383,0.935,Cam Spencer,Energetic Role Player,-1.4354888266814794,-1.9070571527270623
472,1630311,48,1.1,1.1,0.3,0.1,0.4,2.2,0.405,0.2,0.733,Pat Spencer,Energetic Role Player,-2.47820678825539,-0.09800122716386286
473,1630531,202,1.4,0.8,0.6,0.2,0.5,2.9,0.402,0.234,0.774,Jaden Springer,Energetic Role Player,-1.9129988966969595,-0.32184990736662067
474,1641815,3,0.7,0.0,0.3,0.0,0.0,0.0,0.0,0.0,,Isaiah Stevens,Energetic Role Player,-4.334169171966517,-1.3817161509438913
475,1630205,258,2.9,0.6,0.5,0.4,0.6,5.8,0.46,0.289,0.735,Lamar Stevens,Energetic Role Player,-1.2688326435395836,0.41771143427300017
476,1630191,313,7.1,1.3,0.4,1.1,1.1,8.6,0.506,0.349,0.726,Isaiah Stewart,Interior Role Player,0.5852444158615661,1.8357839812435504
477,1631124,118,1.8,1.1,0.5,0.2,0.7,7.0,0.412,0.33,0.784,Julian Strawther,Energetic Role Player,-1.2699613265527476,-0.7163736456031723
478,1629622,309,3.4,2.4,0.6,0.2,1.0,10.4,0.427,0.368,0.812,Max Strus,3 and D Wing,-0.003797201076275303,-0.9535996262912059
479,1630591,216,3.3,3.3,1.4,0.6,2.2,12.3,0.421,0.329,0.781,Jalen Suggs,Scoring Shot Creator,2.1308882786892753,-0.8857248318507551
480,1631306,45,1.5,0.3,0.2,0.1,0.4,3.8,0.358,0.326,0.5,Cole Swider,Energetic Role Player,-2.746400294488022,0.2558245858044152
481,1630256,298,4.1,2.0,0.8,0.4,1.2,8.2,0.493,0.309,0.7,Jae'Sean Tate,3 and D Wing,0.2326866789416687,0.3962040615905781
482,1628369,585,7.3,3.8,1.1,0.7,2.4,23.6,0.459,0.37,0.84,Jayson Tatum,Scoring Shot Creator,3.8589267036970574,-0.426763731822764
483,1630678,129,2.4,0.6,0.2,0.2,0.4,4.2,0.568,0.282,0.667,Terry Taylor,Energetic Role Player,-1.9226513703553234,1.0944259828184038
484,202066,897,2.2,1.6,0.8,0.3,0.9,6.0,0.401,0.341,0.737,Garrett Temple,3 and D Wing,-0.6975802095553237,-0.6535343447879117
485,1631207,173,1.6,1.2,0.5,0.2,0.5,3.4,0.442,0.3,0.662,Dalen Terry,Energetic Role Player,-1.7960809603604706,0.04872937789305767
486,1628464,583,4.7,1.2,0.5,0.8,0.8,7.4,0.536,0.326,0.717,Daniel Theis,Interior Role Player,-0.1598836266109336,1.3750604784426803
487,1630560,221,2.5,2.1,0.5,0.2,1.4,15.4,0.438,0.346,0.861,Cam Thomas,3 and D Wing,0.355915752672253,-1.1953963773703151
488,1641708,136,7.4,3.4,1.3,0.9,1.8,12.0,0.544,0.212,0.685,Amen Thompson,Defensive Anchor Big,2.6018588136706358,1.719554511994469
489,1641709,128,5.9,2.1,1.4,0.8,1.3,9.6,0.506,0.202,0.614,Ausar Thompson,Defensive Anchor Big,1.4241806782631345,1.7241948179619508
490,202691,871,3.5,2.3,0.8,0.5,1.6,19.0,0.45,0.41,0.86,Klay Thompson,Scoring Shot Creator,1.6015256876275634,-1.0764783944199035
491,202684,876,7.7,1.0,0.5,0.6,1.0,8.2,0.52,0.244,0.589,Tristan Thompson,Interior Role Player,0.08410920459292737,2.373037477367963
492,1630550,205,2.1,0.5,0.3,0.4,0.4,3.3,0.419,0.315,0.656,JT Thor,Energetic Role Player,-2.095615292632234,0.4225456448426448
493,1629680,422,2.0,1.1,1.5,0.7,0.5,4.8,0.438,0.348,0.67,Matisse Thybulle,3 and D Wing,-0.1731430923688383,0.09219236782183558
494,1630214,320,3.8,1.2,0.8,0.5,0.6,5.3,0.495,0.252,0.555,Xavier Tillman,Interior Role Player,-0.780381481990848,1.4995458172645926
495,1631166,9,7.2,2.2,0.4,0.1,1.7,12.1,0.441,0.257,0.625,Drew Timme,Interior Role Player,0.5495712690908758,0.789927134016836
496,1641772,5,4.2,0.4,0.0,0.2,0.4,7.2,0.406,0.2,0.727,Nae'Qwan Tomlin,Energetic Role Player,-2.021886897618173,0.7350968934746288
497,1631210,45,0.8,0.3,0.1,0.0,0.2,1.4,0.436,0.458,1.0,Jacob Toppin,Energetic Role Player,-2.526478805771456,-1.9006270388806459
498,1630167,365,3.4,1.2,0.4,0.4,0.7,8.5,0.521,0.353,0.776,Obi Toppin,3 and D Wing,-0.6237498937126718,0.297745782396924
499,1626157,651,11.1,3.2,0.8,1.2,2.7,23.0,0.523,0.4,0.838,Karl-Anthony Towns,Scoring Shot Creator,4.585630973456701,1.2251748387914971
500,1642422,9,1.7,0.1,0.4,0.2,0.3,1.6,0.316,0.0,0.286,Armel Traore,Energetic Role Player,-3.453346951486982,2.2956883462077102
501,1631247,15,1.7,0.7,0.1,0.1,0.6,0.9,0.179,0.0,1.0,Luke Travers,Energetic Role Player,-3.125067377004359,-1.2413118827148766
502,1629018,479,2.4,1.5,1.1,0.2,0.7,13.9,0.421,0.39,0.815,Gary Trent Jr.,3 and D Wing,0.2832854802041332,-1.3163967282909197
503,1631131,22,6.3,0.5,0.7,0.1,0.5,6.0,0.578,,0.744,Oscar Tshiebwe,Interior Role Player,-0.4650780426127727,1.0609713767379623
504,200782,1050,5.3,1.3,1.1,0.3,0.9,6.3,0.422,0.364,0.753,P.J. Tucker,3 and D Wing,0.1786721988561106,-0.23288151876285978
505,1626167,648,6.8,1.3,0.7,2.2,1.4,14.0,0.498,0.362,0.77,Myles Turner,Defensive Anchor Big,2.1804581036034807,2.6103234096895447
506,1641816,71,1.3,0.3,0.2,0.1,0.2,2.2,0.373,0.3,0.75,Hunter Tyson,Energetic Role Player,-2.7913302971386473,-0.4955597470983233
507,1642281,54,2.1,1.0,0.4,0.1,0.7,4.5,0.449,0.38,0.774,Jaylon Tyson,Energetic Role Player,-1.489507987293434,-0.6632213069982714
508,1630649,47,1.4,0.3,0.3,0.3,0.4,3.1,0.378,0.391,0.868,Stanley Umude,Energetic Role Player,-2.1018278053733637,-1.097363865271152
509,202685,1072,9.1,1.4,0.4,0.9,1.6,13.0,0.56,0.332,0.798,Jonas Valančiūnas,Defensive Anchor Big,1.6385134622215625,1.8629469088160362
510,1627832,550,3.4,5.7,1.4,0.5,1.7,14.9,0.401,0.371,0.862,Fred VanVleet,Scoring Shot Creator,2.687713566621218,-1.9141398435772246
511,1629020,405,6.3,1.6,1.0,0.4,1.0,6.1,0.555,0.292,0.655,Jarred Vanderbilt,Interior Role Player,0.4726198502112212,1.3771046996539478
512,1630170,309,3.8,2.6,1.1,0.4,1.1,14.1,0.443,0.368,0.803,Devin Vassell,3 and D Wing,1.1682390323681564,-0.8192179288782502
513,1629216,281,1.6,2.0,0.8,0.1,1.0,7.1,0.395,0.336,0.834,Gabe Vincent,3 and D Wing,-0.5835088602584552,-1.4690756019419726
514,1641774,50,3.4,1.1,0.3,0.6,1.1,8.5,0.478,0.345,0.763,Tristan Vukcevic,3 and D Wing,-0.5022902484488123,0.3988054838140122
515,202696,1048,10.6,3.0,0.8,0.9,1.7,17.6,0.496,0.358,0.776,Nikola Vučević,Scoring Shot Creator,3.052656892501706,1.2880673781570318
516,1629731,290,3.5,1.0,0.6,0.3,0.4,5.3,0.426,0.367,0.683,Dean Wade,Energetic Role Player,-1.1945720521472458,0.049529629348932604
517,1630532,298,4.9,3.7,1.0,0.3,1.9,19.2,0.475,0.324,0.853,Franz Wagner,Scoring Shot Creator,2.413652383620524,-0.9206051610438314
518,1629021,408,3.9,1.2,0.5,0.3,1.1,8.9,0.519,0.326,0.808,Moritz Wagner,3 and D Wing,-0.2175914978502091,0.1414393162112295
519,1631133,194,4.5,0.7,0.4,0.2,0.7,6.1,0.464,0.311,0.74,Jabari Walker,Energetic Role Player,-1.0822848493798376,0.3731284782594596
520,1641716,114,2.9,1.5,0.6,0.3,0.9,5.7,0.438,0.391,0.708,Jarace Walker,3 and D Wing,-0.7453959883626381,-0.3342262637458498
521,1629022,342,2.3,1.5,0.5,0.3,0.9,10.0,0.422,0.356,0.795,Lonnie Walker IV,3 and D Wing,-0.5981164211667142,-0.7380890318884996
522,1641717,156,2.8,2.0,1.4,0.5,0.7,7.6,0.478,0.389,0.805,Cason Wallace,3 and D Wing,0.570773659017703,-0.6512138593991792
523,1630811,37,1.6,2.6,0.8,0.2,1.0,5.1,0.412,0.356,0.923,Keaton Wallace,3 and D Wing,-0.38959587731639744,-1.7425438843232315
524,1641775,65,1.4,0.4,0.3,0.2,0.3,1.6,0.37,0.275,0.571,Jordan Walsh,Energetic Role Player,-2.7833923117231287,0.3452406781843143
525,1642266,56,3.0,1.5,0.8,0.2,0.9,8.2,0.4,0.344,0.8,Ja'Kobe Walter,3 and D Wing,-0.40776188546458025,-0.9084101339164493
526,1642276,70,7.3,0.9,0.6,1.1,0.9,9.2,0.549,0.318,0.693,Kel'el Ware,Interior Role Player,0.6739777068469744,2.3427105852727363
527,1629023,469,5.8,2.2,1.0,1.0,1.6,13.1,0.446,0.35,0.703,P.J. Washington,Scoring Shot Creator,1.744557642670305,0.7617085936913235
528,1631102,58,1.1,1.2,0.4,0.0,0.3,3.3,0.347,0.234,0.542,TyTy Washington Jr.,Energetic Role Player,-2.6280974476765526,0.01736433181177165
529,1630322,208,2.0,0.9,0.4,0.2,0.3,5.1,0.392,0.361,0.776,Lindy Waters III,Energetic Role Player,-1.8050856208647068,-0.7243805233896073
530,1630570,220,3.7,1.9,0.5,0.3,1.2,7.8,0.521,0.349,0.758,Trendon Watford,3 and D Wing,-0.11712606670392835,0.10854021943034986
531,1641817,9,0.3,0.2,0.1,0.0,0.2,0.9,0.444,0.0,,Anton Watson,Energetic Role Player,-3.5186133923004514,0.8265833826154902
532,1631212,176,3.1,1.1,0.6,1.1,0.7,6.8,0.475,0.33,0.68,Peyton Watson,Interior Role Player,-0.41911148032456835,1.2710172522377132
533,1642377,86,3.4,1.7,0.6,0.1,0.9,10.4,0.418,0.343,0.805,Jaylen Wells,3 and D Wing,-0.3568676382100483,-0.8707821542487642
534,1641705,123,10.9,3.7,1.2,3.7,3.4,22.7,0.472,0.337,0.808,Victor Wembanyama,Defensive Anchor Big,6.77766466349607,3.9743639055053
535,1631104,162,1.5,2.5,0.6,0.1,1.1,4.4,0.409,0.291,0.632,Blake Wesley,Energetic Role Player,-1.0873567943057028,-0.4470195775674314
536,201566,1316,6.9,8.0,1.5,0.3,3.9,20.8,0.438,0.306,0.768,Russell Westbrook,Scoring Shot Creator,5.559731899052088,-1.531782321597899
537,1630762,5,1.6,0.4,0.2,0.4,0.2,1.6,0.143,0.0,1.0,Phillip Wheeler,Energetic Role Player,-3.1905385503918255,-1.0302100061978121
538,1629632,422,3.6,3.8,0.7,0.2,1.8,15.2,0.433,0.369,0.865,Coby White,3 and D Wing,1.4396014108753206,-1.5315580774683624
539,1628401,576,3.6,4.3,0.8,0.9,1.4,13.0,0.442,0.359,0.854,Derrick White,Scoring Shot Creator,1.651289604718611,-0.5935149281789561
540,1641727,22,1.5,0.7,0.3,0.1,0.7,5.3,0.396,0.429,0.571,Dariq Whitehead,Energetic Role Player,-1.94601912486652,-0.38937112107263905
541,1641715,104,3.4,0.8,0.7,0.3,0.9,10.7,0.448,0.357,0.702,Cam Whitmore,3 and D Wing,-0.35472353605664764,-0.04267926160413026
542,1630598,281,3.2,1.4,0.7,0.2,0.9,8.7,0.501,0.387,0.793,Aaron Wiggins,3 and D Wing,-0.2252187579174171,-0.4537085567586611
543,203952,886,4.5,2.4,1.0,0.7,1.9,18.6,0.449,0.355,0.726,Andrew Wiggins,Scoring Shot Creator,2.0740303613789846,-0.06966260179859751
544,1631214,9,0.2,0.1,0.0,0.1,0.4,1.1,0.4,0.2,1.0,Alondes Williams,Energetic Role Player,-3.0437415554690386,-1.0024688187661743
545,1630314,78,1.9,2.5,0.7,0.2,1.4,8.6,0.429,0.316,0.734,Brandon Williams,3 and D Wing,-0.15347309614754767,-0.7821921046090532
546,1642262,54,2.2,1.1,0.4,0.3,0.9,4.5,0.332,0.266,0.725,Cody Williams,Energetic Role Player,-1.6349901343968147,-0.411501718235115
547,1629684,456,3.8,1.6,0.5,0.5,1.1,7.7,0.453,0.376,0.77,Grant Williams,3 and D Wing,-0.21225990657220112,-0.0719665423161193
548,1631114,215,4.6,4.3,1.4,0.6,1.8,18.1,0.513,0.382,0.803,Jalen Williams,Scoring Shot Creator,3.085590650491274,-0.6739694108785341
549,1631119,172,4.5,1.9,0.5,0.4,0.7,5.1,0.427,0.381,0.752,Jaylin Williams,3 and D Wing,-0.6009256187175362,-0.11011979510054214
550,1629026,391,4.1,1.8,0.8,0.3,0.7,6.4,0.47,0.365,0.549,Kenrich Williams,Interior Role Player,-0.4494854893154066,0.6350939876402852
551,1631109,112,8.8,1.4,0.7,1.1,1.2,12.2,0.621,0.0,0.749,Mark Williams,Defensive Anchor Big,1.3510412604890891,3.8119177916507443
552,1631466,47,1.1,0.6,0.3,0.1,0.5,3.9,0.517,0.282,0.583,Nate Williams,Energetic Role Player,-2.2256126626584516,0.7597349398158038
553,1630172,282,4.1,1.5,0.8,0.7,1.3,9.5,0.453,0.394,0.766,Patrick Williams,3 and D Wing,0.5521111385223827,0.011814802456099054
554,1630533,217,3.2,1.2,0.7,0.3,1.0,8.3,0.422,0.317,0.813,Ziaire Williams,3 and D Wing,-0.4140353809188966,-0.5132864078541695
555,1629057,236,6.8,1.4,0.7,1.6,0.9,7.2,0.723,0.143,0.671,Robert Williams III,Defensive Anchor Big,1.037230044924239,4.4354291033207165
556,1631246,96,4.2,2.5,0.7,0.4,1.4,7.8,0.425,0.327,0.804,Vince Williams Jr.,3 and D Wing,0.34989336603160687,-0.46137160063472266
557,1629627,219,6.6,4.3,1.0,0.6,2.9,24.6,0.586,0.327,0.689,Zion Williamson,Scoring Shot Creator,4.128706051417345,0.6013276856433061
558,1630592,127,3.2,1.5,0.4,0.1,0.8,7.9,0.405,0.338,0.82,Jalen Wilson,3 and D Wing,-0.9435104476157519,-0.8502505927967834
559,1630164,194,5.7,0.7,0.2,0.7,1.2,9.3,0.56,0.247,0.688,James Wiseman,Interior Role Player,-0.20076975408703826,2.0832375622901953
560,1631209,21,1.5,1.3,0.5,0.0,0.9,5.8,0.389,0.382,0.735,Isaiah Wong,Energetic Role Player,-1.3819220796803506,-1.1862003428934063
561,1626153,773,3.0,3.1,1.2,0.4,0.9,6.8,0.442,0.343,0.795,Delon Wright,3 and D Wing,0.5153550811102107,-0.8135900543585887
562,1627824,149,3.5,1.2,0.5,0.2,0.8,6.4,0.485,0.365,0.714,Guerschon Yabusele,3 and D Wing,-0.835615214880146,0.058194296513881014
563,1642443,8,0.5,1.0,0.0,0.0,0.2,1.6,0.625,0.333,1.0,Jahmir Young,Energetic Role Player,-2.298744685291045,-0.56649740183305
564,1629027,488,3.5,9.8,1.0,0.2,4.2,25.2,0.432,0.351,0.873,Trae Young,Scoring Shot Creator,5.534934111987089,-3.046084192178224
565,1627826,648,7.9,1.3,0.4,1.0,1.2,10.1,0.612,0.083,0.733,Ivica Zubac,Defensive Anchor Big,0.695128279421927,3.3845741410801993
566,1641783,81,3.3,1.5,0.5,0.2,0.8,7.5,0.416,0.337,0.873,Tristan da Silva,3 and D Wing,-0.7177045023403544,-0.8854188459978458
567,1628427,143,1.8,0.9,0.3,0.2,0.5,3.4,0.472,0.354,0.847,Vlatko Čančar,Energetic Role Player,-1.747758388305021,-0.5538860299405504
568,203967,634,5.2,1.8,0.5,0.2,1.4,10.0,0.443,0.363,0.842,Dario Šarić,3 and D Wing,0.2977087151118093,-0.569394764294855
